brand,car_model,datatime,datetime,desc,id,problem,status,type
奔驰（进口）,奔驰R级,2020-06-24,,进口奔驰R级发动机故障灯亮电路板烧毁,487960,"A34,H109,H110,L314,",信息审核,2017款 R 320 4MATIC 商务型臻藏版
众泰汽车,众泰SR7,2020-06-24,,众泰SR7减震器漏油严重厂家无配件提供,487958,"G25,N318,",信息审核,2016款 1.5T 手动 魔方之路版 国IV
东风雪铁龙,雪铁龙C4L,2020-06-24,,东风雪铁龙C4L方向盘上下左右松动,487957,"D337,",信息审核,2014款 1.8L 自动 智驱版 劲智型
广汽本田,雅阁,2020-06-24,,广汽本田雅阁高速行驶中踩油门没有反应,487955,"A255,",厂家受理,2018款 230TURBO 舒适版 国V
北汽新能源,北汽新能源EC,2020-06-24,,北汽新能源EC全车断电 售后无配件维修,487954,"A346,N318,",厂家受理,2017款 EC200 灵动版
广汽乘用车,传祺GS5,2020-06-24,,广汽传祺GS5发动机无法启动要求解决,487952,"A44,",信息审核,2019款 270T 自动 豪华版
上汽集团,荣威RX5 MAX,2020-06-24,,上汽荣威RX5 MAX经销商出售库存车,487951,"L313,M283,",厂家受理,2019款 400TGI 自动 智能座舱豪华版
江淮汽车,瑞风S3,2020-06-24,,江淮瑞风S3维修人员喷漆后车漆脱落,487945,"J303,",信息审核,2015款 1.5L 手动 豪华智能尊享版
广汽丰田,汉兰达,2020-06-24,,广汽丰田汉兰达高压喷油嘴漏油热车启动困难,487944,"A12,A44,",处理反馈,2015款 2.0T 四驱 豪华版 7座
吉利汽车,博越,2020-06-24,,吉利博越变速箱挡位灯与厂家宣传不符,487943,"M279,",信息审核,2020款 1.8TD DCT 智慧PRO
东风标致,标致408,2020-06-24,,东风标致408更换正时皮带后发动机损坏,487941,"J300,",信息审核,2015款 1.2T 自动 豪华版
吉利汽车,帝豪GL,2020-06-24,,吉利帝豪GL离合器分泵漏油存在质量问题,487938,"C207,",信息审核,2017款 1.3T 手动 精英型
上汽大众,途观L,2020-06-24,,上汽大众途观L变速箱异响严重希望处理,487935,"B33,",信息审核,2017款 380TSI 四驱 旗舰版
奇瑞捷豹路虎,发现运动版,2020-06-24,,奇瑞捷豹路虎发现运动版发动机无法启动,487933,"A44,D57,",处理反馈,2020款 249PS R-Dynamic SE 性能科技版 7座
众泰汽车,众泰T700,2020-06-24,,众泰T700离合器打滑 发动机报警 换挡顿挫,487932,"A34,B19,C16,",信息审核,2017款 1.8T 双离合 尊贵型
吉利汽车,缤越,2020-06-24,,吉利缤越减震器过软 车辆风噪大	,487930,"G162,H164,",信息审核,2019款 260T DCT 骑士 国VI
吉利汽车,博越,2020-06-24,,吉利博越变速箱异响顿挫希望处理,487929,"B33,B19,",信息审核,2016款 1.8TD 自动 两驱 智联型
广汽本田,缤智,2020-06-24,,广汽本田缤智停车怠速时车辆窜动明显,487926,"B95,",厂家受理,2015款 1.5L CVT 两驱舒适型
比亚迪,比亚迪G5,2020-06-24,,比亚迪G5车内塑料味严重一直无法解决,487924,"H185,",处理反馈,2014款 1.5TI 手动 豪华型
东风标致,标致408,2020-06-24,,东风标致408正时皮带掉毛 发动机烧机油,487922,"A63,A336,",信息审核,2015款 1.2T 自动 豪华版
广汽丰田,雷凌,2020-06-24,,广汽丰田雷凌冷车时发动机舱转向异响,487921,"A9,D59,",处理反馈,2019款 185T CVT 豪华版 国VI
长安汽车,长安CS75 PLUS,2020-06-24,,长安CS75 PLUS蓄电池电量低影响使用,487920,"H146,",处理反馈,2020款 2.0T 自动 旗舰型
奇瑞新能源,奇瑞eQ1,2020-06-24,,奇瑞eQ1销售价格不透明商家克扣厂家补助,487919,"K308,",信息审核,2019款 小蚂蚁 智享版 4座 30.6kWh
长安汽车,长安CS15,2020-06-24,,长安CS15缺少随车工具希望尽快处理,487918,"O354,",厂家受理,2016款 1.5L 手动 时尚版
吉利汽车,星越,2020-06-24,,吉利星越车机卡顿黑屏 雨刷器异响,487917,"H155,H60,M279,",信息审核,2020款 350T 驭星者
东风标致,标致408,2020-06-24,,东风标致408空调压缩机损坏无法制冷,487916,"H101,",信息审核,2014款 1.8L 自动 豪华版
上汽通用五菱,五菱宏光,2020-06-24,,上汽通用五菱宏光4S店售后态度极差,487911,"I293,",信息审核,2018款 1.2L S 基本型 经典款
东南汽车,东南DX3,2020-06-24,,东南DX3正常行驶中发生自燃存在质量问题	,487909,"H40,",信息审核,2017款 1.5T 手动 尊贵型
长安马自达,马自达3 昂克赛拉,2020-06-24,,长安马自达昂克赛拉变速箱顿挫 发动机抖动	,487905,"A24,B19,E43,",信息审核,2020款 1.5L 自动 质美版
跃进,C500,2020-06-24,,跃进C500发动机不烧尿素变速箱故障,487904,"A34,A44,B33,I295,",信息审核,轻卡
上汽集团,锐腾,2020-06-24,,上汽名爵锐腾维修人员操作失误致电瓶报废,487903,"I295,J299,",厂家受理,2015款 1.5TGI TST 豪华版
上汽斯柯达,速派,2020-06-24,,斯柯达速派主驾驶侧车窗无法正常下降,487901,"H67,",信息审核,2016款 TSI280 DSG 创行版
吉利汽车,博越,2020-06-24,,吉利博越简配挡位及雾灯 希望厂家尽快解决,487899,"M279,",信息审核,2020款 1.8TD DCT 智领PRO
吉利汽车,星越,2020-06-24,,吉利星越车机系统升级后仍然卡顿,487897,"O348,",信息审核,2019款 300T 耀星者
奔驰（进口）,奔驰B级,2020-06-24,,进口奔驰B级变速箱阀体故障出现顿挫	,487896,"B19,B115,",信息审核,2009款 2.0L CVT 200 时尚型
一汽丰田,锐志,2020-06-24,,一汽丰田锐志中控仪表台开裂希望尽快处理,487895,"H176,",信息审核,2009款 2.5S 舒适版 新锐志 REIZ
奔驰（进口）,奔驰S级,2020-06-24,,进口奔驰S级漏防冻液 油表不显示,487893,"A37,H202,",信息审核,2020款 S 350 L 尊享型 臻藏版
华晨宝马,宝马X1,2020-06-24,,华晨宝马X1启动车辆后防侧滑故障灯亮,487892,"H170,",厂家受理,2016款 xDrive20Li 豪华型
一汽丰田,RAV4荣放,2020-06-24,,一汽丰田RAV4荣放机油增多汽油味浓重,487890,"A339,",信息审核,2020款 2.0L CVT 两驱 尊贵版
吉利汽车,博越,2020-06-24,,吉利博越挡位指示灯和雾灯与宣传不符,487888,"M279,",信息审核,2020款 1.8TD DCT 智尊PRO
华晨中华,中华H230EV,2020-06-24,,中华H230EV动力电池故障希望解决,487887,"H343,",信息审核,2017款 豪华型
华晨宝马,宝马X3,2020-06-24,,华晨宝马X3天窗周围顶棚漏水质量差,487886,"H90,",厂家受理,2019款 xDrive28i 豪华套装
奇瑞汽车,瑞虎8,2020-06-24,,奇瑞瑞虎8过减速带后悬挂异响严重,487882,"G56,",信息审核,2018款 1.5TCI 手动 豪华型 7座
领克汽车,领克03,2020-06-24,,领克03主副驾驶座椅磨损严重希望厂家处理,487878,"H169,",用户评分,2019款 1.5TD DCT 劲Pro版 国VI
长安汽车,悦翔V5,2020-06-24,,长安悦翔V5电路故障行驶中断电轮毂变形,487877,"H243,H110,",厂家受理,2012款 1.5L 手动 梦幻型 国IV
上汽大众,途观L,2020-06-24,,上汽大众途观L天窗漏水4S店订件时间长,487875,"H90,I295,L314,L310,N320,",信息审核,2019款 330TSI 自动 两驱 全景舒适版 国V
一汽奔腾,奔腾T99,2020-06-24,,一汽奔腾T99电瓶亏电导致车辆无法启动,487873,"H146,",处理反馈,2019款 20TD 自动 旗舰型
上汽大众,途铠,2020-06-24,,上汽大众途铠车身有严重漏水的现象,487871,"H109,",信息审核,2020款 1.5L 自动 舒适版
一汽-大众,探岳,2020-06-24,,一汽大众探岳变速箱挡杆卡死车辆无法行驶,487870,"B184,",信息审核,2020款 330TSI 两驱 豪华智联版
一汽丰田,皇冠,2020-06-24,,一汽丰田皇冠安全气囊游丝故障导致故障报警,487869,"H103,",信息审核,2015款 2.5L 智享版
北京现代,胜达,2020-06-24,,北京现代胜达保修期内发动机异响厂家拒赔,487867,"A9,I297,Q349,",信息审核,2015款 2.4L 自动 两驱 智能型 5座
广汽本田,雅阁,2020-06-24,,广汽本田雅阁车身抖动邓禄普轮胎开裂,487866,"F100,",厂家受理,2016款 2.0L CVT  舒适版
北京现代,领动,2020-06-24,,北京现代领动变速箱异响顿挫4S店不给处理,487865,"B33,B19,I295,I297,",信息审核,2018款 1.4T 双离合 炫动・活力型
上汽大众,Polo,2020-06-24,,上汽大众Polo车辆出险经销商私自定损维修,487863,"I295,M315,O305,O353,",信息审核,2013款 POLO 1.6 自动 舒适版
吉利汽车,星越,2020-06-24,,吉利星越车机系统升级后仍然无法正常使用,487862,"O348,",处理反馈,2019款 300T 耀星者
北京奔驰,奔驰C级,2020-06-24,,北京奔驰C级正常行驶过程中发动机爆缸,487861,"A136,",信息审核,2015款 180 L 运动型
吉利汽车,星越,2020-06-24,,吉利星越车机死机软件版本老旧与宣传不符,487860,"H155,M279,",处理反馈,2019款 350T AWD 驭星者
吉利汽车,博越,2020-06-24,,吉利博越变速箱没有挡位灯没有前雾灯,487858,"M279,",处理反馈,2020款 1.8TD DCT 智尊PRO
华晨宝马,宝马X1,2020-06-24,,华晨宝马X1发动机支架断裂 球笼套损坏,487857,"A241,G161,",厂家受理,2018款 sDrive20Li 领先型
众泰汽车,众泰SR9,2020-06-24,,众泰SR9行驶中挡位及刹车失灵 轮胎摆动,487856,"B115,E29,G204,",处理反馈,2017款 2.0T 自动 极致之路版
奇瑞汽车,捷途X70,2020-06-24,,捷途X70行车记录仪模糊 车道偏离预警失灵,487852,"H134,H170,",处理反馈,2020款 1.5T 手动 悦行版 6座
长安马自达,马自达3 昂克赛拉,2020-06-24,,长安马自达昂克赛拉中控显示屏开胶,487850,"H168,",厂家受理,2017款 1.5L 自动 豪华型 三厢 国V
东风悦达起亚,起亚K3,2020-06-24,,东风悦达起亚K3打方向时存在严重异响,487848,"D59,",厂家受理,2016款 1.6L 自动 GLS
吉利汽车,帝豪GL,2020-06-24,,吉利帝豪GL倒挡挂不上维修后未解决,487847,"B20,",用户评分,2017款 1.3T 自动 精英型
东风雪铁龙,雪铁龙C2,2020-06-24,,东风雪铁龙C2变速箱故障灯亮挡位锁定,487845,"B20,B96,",处理反馈,2007款 1.6 自动 VTS SX
上汽通用五菱,宝骏530,2020-06-24,,宝骏530变速箱召回方案时间太长不合理,487844,"Q323,",厂家受理,2018款 1.5T DCT 旗舰型 国V
奇瑞汽车,瑞虎7,2020-06-24,,奇瑞瑞虎7驾驶室车门异响 车门焊接多处开裂,487843,"G125,H72,H168,",信息审核,2018款 1.5T 自动 劲享版 FLY款 国VI
大众（进口）,Tiguan,2020-06-24,,进口大众Tiguan辅助传感器无数据故障,487841,"H234,",信息审核,2018款 330TSI 四驱 创睿型
吉利汽车,星越,2020-06-24,,吉利星越车机系统死机且无法进行升级,487840,"H155,M279,",用户评分,2019款 350T 耀星者
江淮汽车,瑞风M3,2020-06-24,,江淮瑞风M3空调控制面板失灵影响使用,487838,"H134,",处理反馈,2016款 1.6L 豪华型 宜家版
广汽本田,飞度,2020-06-24,,广汽本田飞度发动机冷车VTEC控制器异响,487836,"A9,",厂家受理,2014款 1.5L CVT LX舒适型
一汽-大众,探岳,2020-06-24,,一汽大众探岳车灯透视发白影响视线,487835,"H82,",用户评分,2019款 330TSI 两驱 豪华型Plus 国VI
奇瑞汽车,瑞虎8,2020-06-24,,奇瑞瑞虎8引擎盖生锈4S店出售库存车,487834,"H79,M283,",信息审核,2019款 1.6TGDI 自动 精英型
吉利汽车,星越,2020-06-24,,吉利星越车机软件升级后越来越卡顿,487832,"H155,O348,",处理反馈,2019款 改款 350T 耀星者
东风标致,标致408,2020-06-24,,东风标致408涡轮增压器故障导致噪音大,487829,"A38,A63,A189,",处理反馈,2015款 1.2T 自动 豪华版
奇瑞汽车,瑞虎5x,2020-06-24,,奇瑞瑞虎5x油位感应异常 车身生锈,487828,"H79,H78,",处理反馈,2019款 HERO 1.5L 手动 都市版
北京现代,索纳塔八,2020-06-24,,北京现代索纳塔八中控台塑料件开裂	,487823,"H176,",信息审核,2011款 2.0 GLS领先版
北京奔驰,奔驰C级,2020-06-24,,北京奔驰C级发动机故障灯亮电子水泵损坏,487819,"A34,A191,",信息审核,2019款 C 180 L 时尚型运动版
北京奔驰,奔驰GLA,2020-06-24,,北京奔驰GLA变速箱阀体损坏厂家不解决,487817,"B84,I295,I297,K308,",信息审核,2016款 200 时尚型
北京奔驰,奔驰GLB,2020-06-24,,北京奔驰GLB发动机漏油希望厂家尽快处理,487813,"A12,",信息审核,2020款 GLB 200 时尚型
广汽丰田,凯美瑞,2020-06-24,,广汽丰田凯美瑞中控台异味出油反光,487812,"H176,",处理反馈,2010款 240G 2.4 自动 G-Book 智能领航版
东风悦达起亚,智跑,2020-06-24,,东风悦达起亚智跑启动后发动机有异响,487809,"A9,",厂家受理,2019款 2.0L 自动 智享豪华版
吉利汽车,博越,2020-06-24,,吉利博越变速箱无挡位灯与宣传不符,487808,"M279,",用户评分,2020款 1.8TD DCT 智尊PRO
东风日产,天籁,2020-06-24,,东风日产天籁仪表台开裂存在质量问题,487801,"H176,",处理反馈,2011款 2.5 XV CVT 尊雅版 公爵
上汽集团,名爵ZS,2020-06-24,,上汽名爵ZS发动机故障灯亮要求尽快解决,487800,"A34,",厂家受理,2017款 1.5L 自动 尊享互联网版
北京奔驰,奔驰GLB,2020-06-24,,北京奔驰GLB后排右侧饰板行驶中有异响,487799,"H164,J298,",信息审核,2020款 GLB 200 时尚型
北京现代,现代ix35,2020-06-24,,北京现代ix35变速箱故障4S店维修后未解决 ,487798,"B19,B334,J298,",信息审核,2019款 2.0L 自动 两驱 智勇・畅享版 国V
上汽大众,途昂,2020-06-24,,上汽大众途昂4S店售后不解决问题 态度差,487795,"I295,I293,",信息审核,2020款 380TSI 四驱 豪华版 国VI
广汽丰田,凯美瑞,2020-06-24,,广汽丰田凯美瑞发动机启停系统故障,487791,"H119,H263,",处理反馈,2019款 2.0G 豪华版 国VI
众泰汽车,云100,2020-06-24,,众泰云100行驶中熄火无法启动4S店无配件,487789,"A341,N318,O326,",信息审核,2018款 云100 PLUS 智享型
长城汽车,哈弗H2s,2020-06-24,,哈弗H2s空调无法控制行驶时车辆跑偏,487786,"A34,B334,G117,H101,H211,",处理反馈,2017款 1.5T 自动 舒适型 蓝标
东风雪铁龙,雪铁龙C4L,2020-06-24,,东风雪铁龙C4L转向间隙大导致异响,487784,"D59,D337,",处理反馈,2014款 1.8L 手动 智驱版 劲享型
广汽丰田,雷凌,2020-06-24,,广汽丰田雷凌转向异响多次维修厂家不回复,487783,"B33,B19,D59,",处理反馈,2019款 185T CVT 豪华版 国VI
吉利汽车,星越,2020-06-24,,吉利星越换挡拨片功能缺失 车机无法使用,487782,"H155,M279,",处理反馈,2019款 350T 驭星者
奇瑞汽车,捷途X95,2020-06-24,,捷途X95天窗导水槽及转向灯存在缺陷,487780,"Q322,",处理反馈,2020款 1.6T DCT 探索Pro版 7座
吉利汽车,嘉际,2020-06-24,,吉利嘉际转向机渗油 备胎出现磨损,487779,"D58,H68,",处理反馈,2019款 1.5TD MHEV DCT 耀享型
长城汽车,哈弗M6,2020-06-24,,哈弗M6行驶过程中车辆跑偏 地胶鼓包,487778,"G117,H168,",用户评分,2018款 1.5T 手动 两驱 精英型
东风标致,标致408,2020-06-24,,东风标致408喷油嘴故障导致发动机抖动,487777,"A53,",处理反馈,2016款 1.6T 自动 豪华版
众泰汽车,众泰T300,2020-06-24,,众泰T300发动机异响厂家承诺保养不兑现,487774,"A9,E43,I293,L314,",处理反馈,2019款 1.5L 手动 小强版
广汽本田,雅阁,2020-06-24,,广汽本田雅阁雨天高速行驶过程中失速,487773,"A255,",厂家受理,2018款 260TURBO 精英版 国VI
福田汽车,奥铃,2020-06-24,,福田奥铃捷运服务站服务态度差不解决问题,487770,"I295,K307,",信息审核,2007款 BJ1049V8JEA-B
奇瑞汽车,捷途X70S,2020-06-24,,捷途X70S配件质量差导致故障问题多,487768,"N317,",处理反馈,2019款 X70S 1.5T 手动 征途版 国V
广汽乘用车,传祺GS5,2020-06-24,,广汽传祺GS5换挡顿挫 前轮刹车异响,487767,"B19,E43,",处理反馈,2019款 270T 自动 精英版
一汽-大众奥迪,奥迪Q3,2020-06-24,,一汽大众奥迪Q3出现请勿超过发动机最高转速,487766,"A34,",信息审核,2016款 35 TFSI 风尚型
吉利汽车,星越,2020-06-24,,吉利星越4S店销售库存车 服务承诺不兑现,487762,"H15,L314,M283,",用户评分,2019款 350T 驭星者
上汽大众,朗逸,2020-06-24,,上汽大众朗逸变速箱机电单元损坏4S店不保修,487761,"B96,B115,I297,",信息审核,2013款 1.4TSI DSG舒适版
一汽-大众,迈腾,2020-06-24,,一汽大众迈腾行驶过程中后门天窗有异响,487760,"D59,H72,H89,",处理反馈,2020款 330TSI DSG 领先型
奇瑞汽车,艾瑞泽5,2020-06-24,,奇瑞艾瑞泽5发动机渗油售后不予质保,487759,"A12,",处理反馈,2016款 1.5L 手动 领潮版
吉利汽车,博越,2020-06-24,,吉利博越变速箱顿挫 拖挡导致共振严重,487758,"B19,B69,",处理反馈,2020款 1.8TD DCT 智尊PRO
新特汽车,SITECH DEV 1,2020-06-24,,新特SITECH DEV 1配件质量差频繁故障,487757,"H134,H101,",信息审核,2018款 创睿版
吉利汽车,嘉际,2020-06-24,,吉利嘉际购车旅游基金不兑现厂家拖延不处理,487752,"I295,L313,",处理反馈,2019款 1.5TD MHEV DCT 臻享型
吉利汽车,博越,2020-06-24,,吉利博越没有挡位灯和前雾灯与宣传不符,487747,"M279,",用户评分,2020款 1.8TD DCT 智慧PRO
北京现代,领动,2020-06-24,,北京现代领动行驶跑偏 发动机抖动,487746,"A24,G117,",信息审核,2016款 1.6L 自动 智炫・精英型
上汽集团,名爵6,2020-06-24,,上汽名爵6变速箱异响存在质量问题,487744,"B33,",信息审核,2019款 20T 自动 运动版
吉利汽车,帝豪,2020-06-24,,吉利帝豪刹车疲软 存在安全隐患,487741,"E269,",处理反馈,2017款 1.5L CVT 向上版 三厢 百万款
上汽集团,名爵6,2020-06-24,,上汽名爵6踩刹车异响4S店多次维修不保修,487740,"E43,I295,I297,J298,",用户评分,2018款 20T 自动 豪华智联版 国VI
上汽集团,名爵ZS,2020-06-24,,上汽名爵ZS发动机高温熄火厂家不回复,487739,"A191,I295,I294,",处理反馈,2019款 1.5L 手动 65寸巨幕天窗全球版 国VI
吉利汽车,帝豪,2020-06-24,,吉利帝豪发动机脚垫前摆臂横梁有维修痕迹,487736,"M283,",处理反馈,2019款 领军版 1.5L 手动 豪华型 国VI
广汽丰田,汉兰达,2020-06-24,,广汽丰田汉兰达扶手箱滑轨断裂4S店不保修,487734,"H168,I297,N317,",处理反馈,2018款 2.0T 四驱 豪华版 7座 国VI
东风标致,标致4008,2020-06-24,,东风标致4008服务站未将保养记录上传,487727,"J299,",信息审核,2017款 350THP 精英版
吉利汽车,帝豪,2020-06-24,,吉利帝豪变速箱打齿无法正常挂挡,487724,"B20,B77,",用户评分,2014款 1.5L 手动 时尚型 三厢
一汽-大众,探岳,2020-06-24,,一汽大众探岳喇叭声音发闷影响使用,487720,"H151,",用户评分,2019款 征途版 280TSI 两驱 豪华型 国Ⅵ
一汽丰田,RAV4荣放,2020-06-24,,一汽丰田RAV4荣放尾灯自然开裂质量差,487718,"H220,I295,",信息审核,2016款 2.0L CVT 两驱 风尚版 国V
奇瑞汽车,艾瑞泽7,2020-06-24,,奇瑞艾瑞泽7车门生锈存在质量问题,487717,"H79,",处理反馈,2016款 1.6L CVT 致尚版
吉利汽车,博越,2020-06-24,,吉利博越实车无挡位显示灯与宣传不符,487712,"M279,",用户评分,2020款 1.8TD DCT 智尊PRO
沃尔沃（进口）,沃尔沃V40,2020-06-24,,进口沃尔沃V40经销商手续办理缓慢,487711,"I282,O353,",信息审核,2019款 T4 智雅版
一汽-大众奥迪,奥迪A3,2020-06-24,,一汽大众奥迪A3新车无法缴纳购置税,487710,"M284,",信息审核,2020款 Limousine 35 TFSI 运动型 国VI
广汽本田,飞度,2020-06-24,,广汽本田飞度发动机无法启动要求解决,487709,"A44,",厂家受理,2014款 1.5L CVT SE时尚型
广汽本田,飞度,2020-06-23,,广汽本田飞度邓禄普轮胎爆胎存在质量问题,487706,"F130,N316,",厂家受理,2020款 1.5L CVT 舒适天窗版
长安马自达,马自达3 昂克赛拉,2020-06-23,,长安马自达昂克赛拉中控屏开裂影响正常使用,487702,"H134,",厂家受理,2016款 1.5L 自动 豪华型 三厢
广汽丰田,凯美瑞,2020-06-23,,广汽丰田凯美瑞发动机舱内进入泥沙,487696,"Q322,",处理反馈,2019款 2.0G 豪华版 国VI
广汽丰田,雷凌,2020-06-23,,广汽丰田雷凌仪表台开裂 车内有异响,487694,"H176,H164,",处理反馈,2017款 185T CVT 精英版 国V 改款
北京现代,瑞纳,2020-06-23,,北京现代瑞纳发动机异响一直没有处理好,487692,"A9,",信息审核,2017款 1.4L 手动 焕彩版 国V
广汽本田,飞度,2020-06-23,,广汽本田飞度冷车启动发动机有异响,487691,"A9,",信息审核,2014款 1.5L CVT LX舒适型
一汽丰田,亚洲龙,2020-06-23,,一汽丰田亚洲龙行驶中天窗和车身有异响,487688,"H15,H89,",信息审核,2019款 双擎 2.5L XLE 尊贵版 国Ⅵ
江铃汽车,驭胜S350,2020-06-23,,江铃驭胜S350质保期内车身多处有生锈的现象,487686,"H79,",信息审核,2016款 2.4T 自动 四驱 柴油 豪华版 5座
东风标致,标致408,2020-06-23,,东风标致408驾驶位与副驾驶位上方有异响,487685,"H164,",处理反馈,2019款 350THP 自动 豪华版 国V
东南汽车,V5菱致,2020-06-23,,东南V5菱致行驶过程中变速箱故障失去动力,487681,"B96,B334,",处理反馈,2014款 1.5T CVT 智控型
吉利汽车,星越,2020-06-23,,吉利星越升级GKUI19系统后依然卡顿,487680,"O348,",用户评分,2019款 350T AWD 驭星者
吉利汽车,星越,2020-06-23,,吉利星越雨刮器在工作时卡顿而且异响,487679,"H60,",处理反馈,2019款 350T 耀星者
上汽斯柯达,速派,2020-06-23,,斯柯达速派座椅开裂 材质与宣传不符,487677,"H168,H169,",信息审核,2013款 1.4T DSG 绅仕版
上汽斯柯达,速派,2020-06-23,,斯柯达速派变速箱故障灯亮机电单元损坏,487675,"B96,B77,B115,",信息审核,2016款 TSI330 DSG 创行版
长安马自达,马自达3 昂克赛拉,2020-06-23,,长安马自达昂克赛拉中控屏幕爆裂影响使用,487672,"H134,H168,",厂家受理,2016款 1.5L 手动 豪华型 三厢
东风雪铁龙,爱丽舍,2020-06-23,,东风雪铁龙爱丽舍启动后变速箱无法挂挡,487671,"B20,",处理反馈,2014款 1.6L 手动 时尚型CNG
一汽-大众奥迪,奥迪A6L,2020-06-23,,一汽大众奥迪A6L承诺多色氛围灯实际未配备,487670,"M279,",信息审核,2020款 45 TFSI quattro 臻选致雅型
福田汽车,奥铃,2020-06-23,,福田奥铃捷运启动后挂一挡发动机无动力,487669,"A163,",信息审核,2007款 BJ1049V8JEA-B
东风日产,天籁,2020-06-23,,东风日产天籁行驶时中控台存在金属摩擦声,487668,"H93,",用户评分,2019款 2.0T XL 智领版
东风本田,本田CR-V,2020-06-23,,东风本田CR-V天窗遮阳帘无法开启 换挡异响,487667,"B33,H192,",用户评分,2019款 耀目版 240TURBO CVT 两驱 舒适版 国VI
众泰汽车,众泰T500,2020-06-23,,众泰T500中控显示屏闪烁无法使用,487666,"H134,",处理反馈,2018款 1.5T 手动 尊享型 5座
长城汽车,哈弗H6 Coupe,2020-06-23,,哈弗H6 Coupe电瓶亏电充电后未解决,487662,"H146,",处理反馈,2018款 1.5T 自动 两驱 超豪型 蓝标
众泰汽车,众泰T700,2020-06-23,,众泰T700方向盘转不动希望尽快解决,487660,"D156,D291,",处理反馈,2017款 1.8T 双离合 尊贵型
一汽-大众奥迪,奥迪A4L,2020-06-23,,一汽大众奥迪A4L变速箱机电单元故障,487651,"B115,",信息审核,2019款 40 TFSI 时尚型 国VI
北京现代,菲斯塔,2020-06-23,,北京现代菲斯塔4S店不兑现贴膜承诺,487647,"L313,",信息审核,2019款 280TGDi 运动版 国VI
吉利汽车,缤越,2020-06-23,,吉利缤越车机系统黑屏死机升级承诺不兑现,487645,"H155,L314,",处理反馈,2019款 260T DCT 骑士 国VI
吉利汽车,缤越,2020-06-23,,吉利缤越车门漏风 系统升级承诺不兑现,487639,"H144,L314,",处理反馈,2019款 260T DCT 游侠 运动款 国V
北汽银翔,幻速S6,2020-06-23,,北汽幻速S6发动机噪音大后视镜漆面变色,487638,"A38,H201,",信息审核,2017款 1.5T 手动 智能型
吉利汽车,吉利icon,2020-06-23,,吉利icon厂家置换补贴政策不兑现,487635,"L313,",处理反馈,2020款 300T i9 BSG
奇瑞汽车,捷途X70S,2020-06-23,,捷途X70S发动机冷却风扇固定螺丝脱落,487634,"A191,A145,H101,",用户评分,2019款 X70S 1.5T 手动 征途版 国V
一汽丰田,卡罗拉,2020-06-23,,一汽丰田卡罗拉悬架螺丝生锈存在质量问题,487625,"H79,",信息审核,2019款 1.2T S-CVT GL-i精英版
吉利汽车,缤越,2020-06-23,,吉利缤越发动机漏油希望厂家处理问题,487619,"A12,",信息审核,2019款 260T DCT 游侠 国VI
吉利汽车,嘉际,2020-06-23,,吉利嘉际漆面起泡希望厂家处理问题,487615,"H81,",用户评分,2019款 1.5TD MHEV DCT 臻享型
长安马自达,马自达CX-5,2020-06-23,,长安马自达CX-5中控屏闪屏希望厂家处理,487613,"H134,",厂家受理,2015款 2.5L 自动 四驱 旗舰型
吉利汽车,星越,2020-06-23,,吉利星越贴膜工艺差导致门窗有起泡,487612,"J303,J299,",用户评分,2019款 改款 350T 耀星者
东风悦达起亚,起亚K4,2020-06-23,,东风悦达起亚K4变速箱抖动换挡顿挫,487611,"B19,B95,",处理反馈,2017款 1.6T 自动 T-DLX Turbo
东风日产,劲客,2020-06-23,,东风日产劲客中控卡屏播放音乐断开,487609,"H134,",处理反馈,2017款 1.5L CVT 智行版
一汽-大众奥迪,奥迪A6L,2020-06-23,,一汽大众奥迪A6L节温器底座漏液,487605,"A37,",信息审核,2016款 TFSI 双离合 运动型
东风标致,标致408,2020-06-23,,东风标致408减震器异响希望得到处理,487603,"G52,",处理反馈,2016款 1.6T 自动 豪华版
广汽三菱,欧蓝德,2020-06-23,,广汽三菱欧蓝德左后方安全带无法抽出,487602,"H118,",厂家受理,2019款 2.0L 两驱 畅享版 5座 国VI
吉利汽车,博越,2020-06-23,,吉利博越漆面脱落严重影响车辆美观,487600,"H81,",处理反馈,2018款 1.8TD 自动 两驱 智联型 4G互联版
北京现代,领动,2020-06-23,,北京现代领动新车顶棚存在明显污渍,487596,"L313,M284,",信息审核,2020款 1.5L CVT 智炫・精英型
长城汽车,WEY VV5,2020-06-23,,WEY VV5流媒体重启影响正常使用,487594,"H155,",处理反馈,2020款 1.5T 两驱 智先锋
长城汽车,哈弗H2,2020-06-23,,哈弗H2颠簸时转向与左前轮异响明显,487592,"D59,G125,",处理反馈,2017款 1.5T 自动 两驱精英型 蓝标
吉利汽车,吉利GX7,2020-06-23,,吉利GX7冷车启动发动机异响升挡顿挫,487588,"A9,B19,",处理反馈,2014款 2.0L 自动 尊贵型
长安马自达,马自达3 昂克赛拉,2020-06-23,,长安马自达昂克赛拉减震器异响漏油,487587,"G52,G25,",厂家受理,2017款 1.5L 自动 豪华型 三厢 国V
一汽-大众奥迪,奥迪A4L,2020-06-23,,一汽大众奥迪A4L倍耐力轮胎鼓包,487586,"F39,",信息审核,2019款 40 TFSI 时尚型 国VI
吉利汽车,缤越,2020-06-23,,吉利缤越车机升级后没有网络信号,487585,"H155,O348,",处理反馈,2019款 260T DCT Battle 运动款 国V
上汽大众,朗逸,2020-06-23,,上汽大众朗逸车内异味刹车盘异响,487584,"D59,E43,H185,",信息审核,2017款 1.6L 手动 舒适版
吉利汽车,帝豪GL,2020-06-23,,吉利帝豪GL离合器不回位刹车故障灯亮,487583,"C267,E62,",用户评分,2017款 1.8L 手动 精英型
上汽大众,朗逸,2020-06-23,,上汽大众朗逸起步时抖动 换挡时顿挫,487577,"B19,B95,C87,",信息审核,2011款 1.4TSI DSG 品雅版
一汽-大众,高尔夫,2020-06-23,,一汽大众高尔夫韩泰轮胎开裂影响行车安全,487575,"F100,",处理反馈,2017款 280TSI 自动 R-Line百万辆纪念版
北京现代,领动,2020-06-23,,北京现代领动发动机异响漏水 压缩机损坏,487570,"A9,A37,H101,",信息审核,2016款 1.4T  双离合 炫动・精英型
广汽丰田,凯美瑞,2020-06-23,,广汽丰田凯美瑞中控黑屏触摸没反应,487567,"H134,",处理反馈,2016款 2.5HG CVT 十周年纪念豪华导航版 双擎
上汽大众,途观L新能源,2020-06-23,,上汽大众途观L新能源仪表盘外罩开裂,487566,"H168,",厂家受理,2019款 430PHEV 混动豪华版
长安汽车,长安欧尚CX70,2020-06-23,,长安欧尚CX70变速箱异响顿挫传动轴异响,487565,"B33,B19,G158,H67,",厂家受理,2017款 1.5T 手动 豪擎版 CX70T
东风本田,本田XR-V,2020-06-23,,东风本田XR-V后风挡玻璃存在划痕,487563,"H113,",处理反馈,2020款 1.5L CVT 舒适版
一汽-大众奥迪,奥迪A4L,2020-06-23,,一汽大众奥迪A4L发动机节温器漏防冻液,487562,"A37,",信息审核,2017款 2.0T 双离合 时尚型 Plus
一汽丰田,RAV4荣放,2020-06-23,,一汽丰田RAV4荣放购车缴纳定金未退还,487560,"K309,",信息审核,2020款 2.0L CVT 两驱 都市版
北京奔驰,奔驰GLB,2020-06-23,,北京奔驰GLB车窗有严重异响希望解决,487559,"H72,",信息审核,2020款 GLB 200 时尚型
长城汽车,哈弗H2,2020-06-23,,哈弗H2自动驻车故障报警电瓶亏电厂家未回复,487555,"H146,H170,I294,",用户评分,2018款 1.5T 双离合 两驱 精英型 红标
一汽-大众,宝来,2020-06-23,,一汽大众宝来前挡风玻璃破裂质量差,487554,"H113,",处理反馈,2020款 1.5L 自动 精英型
一汽-大众,探岳,2020-06-23,,一汽大众探岳发动机怠速时油箱有异响,487553,"H147,",用户评分,2020款 330TSI 两驱 豪华智联版
上汽大众,朗逸,2020-06-23,,上汽大众朗逸方向盘异响空调异味排气管生锈,487550,"D59,G51,H101,H30,",厂家受理,2017款 1.6L 手动 风尚版
长安汽车,锐程CC,2020-06-23,,长安锐程CC变速箱P挡卡顿影响正常使用,487548,"B20,",用户评分,2020款 1.5T 自动 炫锐型
福田汽车,拓陆者,2020-06-23,,福田拓陆者变速箱倒挡打齿 发动机故障灯亮,487547,"A34,B77,",信息审核,2019款 2.0T E7 手动 四驱 城市版 高配 4G20TI4
东风雪铁龙,雪铁龙C3-XR,2020-06-23,,东风雪铁龙C3-XR发动机故障灯亮,487545,"A34,",处理反馈,2018款 1.6L 自动 先锋型 改款
东风日产,逍客,2020-06-23,,东风日产逍客刹车异响4S店不予解决,487544,"E43,",处理反馈,2019款 2.0L CVT 豪华版
一汽-大众,探岳,2020-06-23,,一汽大众探岳大灯透镜发白影响照明,487541,"H82,",处理反馈,2019款 征途版 280TSI 两驱 豪华型 国Ⅵ
广汽丰田,凯美瑞,2020-06-23,,广汽丰田凯美瑞左右半轴防尘罩漏油,487540,"G51,",处理反馈,2015款 2.5HG CVT 豪华导航版 双擎
一汽-大众奥迪,奥迪A4L,2020-06-23,,奥迪A4L防冻液水壶开裂导致冷却液泄漏,487530,"A37,H168,",信息审核,2015款 2.0T CVT 标准型
吉利汽车,远景,2020-06-23,,吉利远景发动机抖动 后杠色差要求尽快处理,487528,"A24,B20,H201,",处理反馈,2017款 1.5L 自动 幸福版
一汽-大众,速腾,2020-06-23,,一汽大众速腾4S店销售库存车不履行承诺,487527,"I295,I293,L313,M283,",处理反馈,2020款 200TSI DSG 舒适型 国VI
众泰汽车,众泰E200,2020-06-23,,众泰E200中控屏损坏无法使用希望处理,487526,"H134,",信息审核,2018款 Pro
一汽-大众奥迪,奥迪Q5,2020-06-23,,一汽大众奥迪Q5变速箱挂倒挡无法行驶,487525,"B334,",信息审核,2012款 2.0TFSI  自动 舒适型
众泰汽车,众泰T300,2020-06-23,,众泰T300主驾驶玻璃升降器开关损坏,487524,"H67,N318,",处理反馈,2018款 1.5L CVT 尊贵型
东风雪铁龙,世嘉,2020-06-23,,东风雪铁龙世嘉变速箱电磁阀故障挡位锁死,487523,"B20,B84,",处理反馈,2013款 2.0L 自动 品悦型 三厢
吉利汽车,帝豪GS,2020-06-23,,吉利帝豪GS底盘生锈4S店不予处理,487519,"H79,",用户评分,2016款 1.3T 自动 领尚型 优雅版
东风日产,逍客,2020-06-23,,东风日产逍客起步无力 变速箱顿挫,487518,"B19,B334,",处理反馈,2016款 2.0L CVT 旗舰版
吉利汽车,星越,2020-06-23,,吉利星越车辆多处减配一直不予处理,487517,"Q350,",处理反馈,2019款 改款 350T 耀星者
一汽-大众,迈腾,2020-06-23,,一汽大众迈腾变速箱故障机电单元损坏,487515,"B96,B84,B115,",处理反馈,2019款 330TSI DSG 领先型 国V
北京现代,朗动,2020-06-23,,北京现代朗动中控屏黑屏无法使用,487514,"H134,",信息审核,2015款 1.6L 自动 领先型
吉利汽车,远景X3,2020-06-23,,吉利远景X3经销商私自收取利息及保险押金,487511,"K307,",处理反馈,2017款 1.5L 手动 尊贵型
吉利汽车,缤瑞,2020-06-23,,吉利缤瑞四个车门全部生锈希望尽快解决,487510,"H79,",用户评分,2018款 14T CVT 缤致版
吉利汽车,博越,2020-06-23,,吉利博越仪表盘花屏售后不予免费质保,487508,"H134,",处理反馈,2016款 1.8TD 自动 两驱 智尚型
海马汽车,海马S5,2020-06-23,,海马S5变速箱异响 漆面腐蚀生锈厂家未处理,487506,"B33,H79,",处理反馈,2014款 1.6L 手动 智尚型
一汽-大众,探岳,2020-06-23,,一汽大众探岳刹车偏软 变速箱顿挫 大灯不亮,487505,"B19,E269,H82,",处理反馈,2019款 330TSI 两驱 尊贵型 国Ⅵ
几何汽车,几何A,2020-06-23,,几何A多次无故自动刹停 后门与车轮异响,487503,"G125,H72,H170,",信息审核,2019款 高维标准续航立方版
上汽斯柯达,柯米克,2020-06-23,,斯柯达柯米克ABS系统非正常启动,487502,"E74,",信息审核,2020款 GT 1.5L 自动 旗舰版 国VI
吉利汽车,博越,2020-06-23,,吉利博越实车无挡位灯和前雾灯与宣传不符,487500,"M279,",处理反馈,2020款 1.8TD DCT 智领PRO
奇瑞汽车,瑞虎8,2020-06-23,,奇瑞瑞虎8水泵泄漏防冻液4S店无配件更换,487499,"A37,A221,N318,",处理反馈,2019款 1.6TGDI 自动 豪华型
奇瑞汽车,艾瑞泽5,2020-06-23,,奇瑞艾瑞泽5变速箱脱挡无法行驶,487497,"B246,",处理反馈,2016款 1.5L CVT 领潮版
长城汽车,哈弗H6 Coupe,2020-06-23,,哈弗H6 Coupe后备箱漏水天窗异响方向盘沉重,487492,"B184,D156,H109,H89,",处理反馈,2016款 1.5T 自动 两驱都市型
上汽大众,Polo,2020-06-23,,上汽大众Polo经销商出售库存车态度恶劣,487491,"I293,M283,",信息审核,2019款 Plus 1.5L 自动 全景乐享版
北汽新能源,北汽新能源EU5,2020-06-23,,北汽新能源EU5方向跑偏 轮胎吃胎 底盘异响,487490,"G56,G245,G117,",处理反馈,2018款 EU5 R500 智风版
东风标致,标致408,2020-06-23,,东风标致408正时皮带召口未通知,487487,"O296,",处理反馈,2015款 1.2T 自动 豪华版
北汽新能源,北汽新能源EU5,2020-06-23,,北汽新能源EU5车机APP无法实名认证,487486,"I295,O348,",用户评分,2018款 EU5 R500 智风版
华晨宝马,宝马5系,2020-06-23,,华晨宝马5系倒车影像黑屏 4S店不予解决,487478,"H134,I295,",厂家受理,2018款 530Li 领先型 豪华套装
海马汽车,海马8S,2020-06-23,,海马8S经销商换购补贴承诺一直不兑现,487476,"L313,",处理反馈,2019款 1.6TGDI 自动 潮版
沃尔沃亚太,沃尔沃S60,2020-06-23,,亚太沃尔沃S60前悬架平衡杆胶套有异响,487473,"G204,",信息审核,2016款 2.0T T4 智远版
广汽丰田,雷凌,2020-06-23,,广汽丰田雷凌变速箱顿挫厂家推诿未解决,487472,"B19,I295,I282,",处理反馈,2019款 185T CVT 豪华版 国VI
北京奔驰,奔驰C级,2020-06-23,,北京奔驰C级行驶中水温高维修后未解决,487469,"A191,",信息审核,2018款 C 180 L 时尚型 运动版
长安马自达,马自达CX-5,2020-06-23,,长安马自达CX-5变速箱行驶时有异响,487468,"B33,",用户评分,2015款 2.0L 自动 两驱 都市型
雷克萨斯,雷克萨斯NX,2020-06-23,,雷克萨斯NX发动机真空阀损坏出现异响,487465,"A9,A163,",厂家受理,2015款 200t 锋尚版 全驱 5座
猎豹汽车,猎豹CS10,2020-06-23,,猎豹CS10底盘和方向机异响 车身漏水,487461,"A34,D59,G56,H109,N318,",信息审核,2017款 1.5T 手动 精英型
江铃福特,领界,2020-06-23,,江铃福特领界发动机故障灯亮启停功能失效,487457,"A34,H263,J298,O324,",处理反馈,2019款 EcoBoost 145 CVT 铂领型 国V
吉利汽车,星越,2020-06-23,,吉利星越刹车和雨刮器异响 车机死机黑屏,487456,"E43,H155,H60,",处理反馈,2019款 350T 探星者
一汽-大众奥迪,奥迪A6L,2020-06-23,,一汽大众奥迪A6L发动机机油加注口渗油,487454,"A12,B22,",信息审核,2019款 45 TFSI 臻选动感型
广汽丰田,凯美瑞,2020-06-23,,广汽丰田凯美瑞半轴防尘套漏油4S店不保修,487452,"G161,I297,",处理反馈,2015款 2.5G 自动 豪华导航版
奇瑞汽车,捷途X70,2020-06-23,,捷途X70雨刮器喷水角度太低4S店拒赔,487451,"H60,I297,",处理反馈,2018款 1.5T 手动 悦行版
吉利汽车,星越,2020-06-23,,吉利星越起步时变速箱顿挫换挡不顺畅,487448,"B19,B20,M279,Q350,",处理反馈,2019款 350T 耀星者
广汽讴歌,讴歌CDX,2020-06-23,,广汽讴歌CDX经销商销售维修过的问题车,487447,"M284,M283,",处理反馈,2016款 1.5T 两驱尊享版
上汽集团,名爵6,2020-06-23,,上汽名爵6离合器打滑踏板脱落4S店不保修,487442,"C16,C166,I297,",处理反馈,2017款 20T 手动 豪华智联版 国V
一汽-大众,迈腾,2020-06-23,,一汽大众迈腾变速箱异响抖动顿挫,487436,"B33,B19,B95,",用户评分,2016款 1.8TSI 智享领先型
东风电动轻卡,EV300,2020-06-23,,东风电动轻卡EV300续航里程不准确行驶断电,487434,"A346,H344,",信息审核,ev300
上汽大众,朗逸,2020-06-23,,上汽大众朗逸变速箱和发动机漏油,487432,"A12,B22,E99,",信息审核,2015款 1.6 手动 舒适版
一汽丰田,RAV4荣放,2020-06-23,,一汽丰田RAV4荣放发动机舱进泥浆,487428,"Q322,",信息审核,2020款 2.0L CVT 两驱 风尚版
吉利汽车,博越,2020-06-23,,吉利博越新车简配雾灯和挡位灯与宣传不符,487427,"M279,",用户评分,2020款 1.8TD DCT 智尊PRO
东风日产,逍客,2020-06-23,,东风日产逍客变速箱漏油有明显顿挫感,487426,"B19,B22,",处理反馈,2017款 2.0L CVT 智享版 国V
吉利汽车,帝豪GS,2020-06-23,,吉利帝豪GS挂挡困难 变速箱顿挫,487423,"B19,B20,",处理反馈,2018款 1.4T 手动 运动版 领尚型
一汽-大众,探岳,2020-06-23,,一汽大众探岳大灯白雾不透亮影响使用,487422,"H82,",用户评分,2019款 330TSI 两驱 豪华型 国Ⅵ
奇瑞捷豹路虎,发现神行,2020-06-23,,奇瑞捷豹路虎发现神行发动机舱内有杂音,487421,"A9,",处理反馈,2019款 240PS SE版 国VI
吉利汽车,博瑞,2020-06-23,,吉利博瑞车门由内而外生锈并且腐烂,487417,"H79,",处理反馈,2015款 2.4L 舒适型
东风悦达起亚,焕驰,2020-06-23,,东风悦达起亚焕驰天窗出现掉漆现象,487416,"H81,",处理反馈,2017款 1.4L 自动 智享版 Value
宝马（进口）,宝马3系（进口）,2020-06-23,,进口宝马3系转向助力故障报警希望解决,487415,"D291,",厂家受理,2011款 325i 2.5 自动  双门轿跑车
吉利汽车,缤越,2020-06-23,,吉利缤越车窗漏风 车及系统无法升级,487413,"H155,H144,L314,",处理反馈,2019款 运动款 260T DCT Battle 国VI 运动款
众泰汽车,众泰T600,2020-06-23,,众泰T600变速箱异响严重希望尽快处理,487411,"A189,B33,",用户评分,2015款 1.5T 手动 精英型
北京现代,现代ix35,2020-06-23,,北京现代ix35经销商出售库存车未告知,487410,"K308,M283,",信息审核,2019款 2.0L 自动 两驱 智勇・畅享版 国VI
一汽-大众,探岳,2020-06-23,,一汽大众探岳变速箱换挡异响 大灯白内障,487406,"B33,H82,",处理反馈,2019款 330TSI 两驱 豪华型 国Ⅵ
吉利汽车,星越,2020-06-23,,吉利星越车机系统升级后仍然存在问题,487405,"O348,",处理反馈,2019款 350T 耀星者
东风风行,风行SX6,2020-06-23,,东风风行SX6起步时发动机出现异响,487404,"A9,",处理反馈,2018款 1.6L 手动 豪华型
众泰汽车,众泰SR9,2020-06-23,,众泰SR9后备箱开关失灵 行驶中失去动力,487402,"B334,H68,",处理反馈,2017款 2.0T 自动 极致之心版
一汽-大众,宝来,2020-06-23,,大众宝来发动机异响 销售指定款渠道及保险,487399,"A9,K325,",处理反馈,2016款 1.6L 自动 时尚型
吉利汽车,帝豪GS,2020-06-23,,吉利帝豪GS方向盘不正 多媒体闪退,487387,"D154,H134,",处理反馈,2019款 1.4T CVT 雅
一汽-大众,T-ROC探歌,2020-06-23,,一汽大众探歌韩泰轮胎开裂希望厂家处理,487384,"F100,",处理反馈,2019款 280TSI DSG 两驱 舒适型 国V
吉利汽车,星越,2020-06-23,,吉利星越车机系统黑屏卡顿影响使用,487381,"H155,",处理反馈,2019款 300T 耀星者
一汽-大众,速腾,2020-06-23,,一汽大众速腾发动机高压泵异响严重,487380,"A9,",处理反馈,2018款 280TSI DSG熠动版
广汽丰田,YARiS L 致炫,2020-06-23,,广汽丰田致炫4S店承诺不兑现提不到车,487379,"L313,L312,",用户评分,2020款 致炫X 1.5L CVT 领先版
吉利汽车,星越,2020-06-23,,吉利星越系统升级过后死机卡顿希望厂家处理,487377,"H155,O348,",处理反馈,2019款 350T AWD 驭星者
上汽大众,朗逸,2020-06-23,,上汽大众朗逸热车加速行驶时发动机异响,487375,"A9,",信息审核,2019款 1.5L 自动 舒适版 国VI
广汽本田,冠道,2020-06-23,,广汽本田冠道后备箱漏水4S店不予保修,487373,"H109,H68,I297,",处理反馈,2017款 370TURBO 自动 四驱 尊享版
东风本田,本田CR-V,2020-06-23,,东风本田CR-V中控台异响希望尽快处理,487372,"H93,",厂家受理,2019款 锐・混动 2.0L 两驱 净驰版 国VI
上汽大众,帕萨特新能源,2020-06-23,,上汽大众帕萨特新能源动力电池故障,487369,"H343,",信息审核,2020款 430PHEV 混动豪华版 国VI
北京汽车,绅宝X65,2020-06-23,,绅宝X65踩油门车身左右摆动厂家未回复处理,487365,"G204,I295,I294,",处理反馈,2015款 2.0T  自动 舒适型
奇瑞汽车,捷途X90,2020-06-23,,捷途X90 4S店举办活动承诺不予兑现,487363,"L314,",用户评分,2019款 1.6T DCT 智享型 5座 国V
捷豹,捷豹XF,2020-06-23,,进口捷豹XF加油时频繁跳枪存在质量缺陷,487360,"H271,",处理反馈,2014款 2.0T 风华版
东风雪铁龙,雪铁龙C4L,2020-06-23,,东风雪铁龙C4L转向柱旷量 油箱变形,487359,"A63,D337,H271,",处理反馈,2013款 1.8L 手动 劲享版
吉利汽车,星越,2020-06-23,,吉利星越车机卡顿操作版本与宣传不符,487356,"M279,",处理反馈,2019款 350T 耀星者
北京现代,名图,2020-06-23,,北京现代名图转向异响4S店多次维修不解决,487354,"D59,I297,J298,",信息审核,2017款 1.8L 自动 智能型 GLS 国V
吉利汽车,博越,2020-06-23,,吉利博越变速箱漏油希望厂家尽快解决,487353,"B22,",处理反馈,2016款 1.8TD 自动 两驱 智尊型
一汽-大众奥迪,奥迪A4L,2020-06-23,,一汽大众奥迪A4L车内异味严重要求解决,487352,"H185,",信息审核,2013款 2.0T 自动 舒适型
吉利汽车,星越,2020-06-23,,吉利星越车机系统死机版本与宣传不符,487351,"H155,M279,",处理反馈,2019款 350T 耀星者
江铃集团新能源,江铃E100B,2020-06-23,,江铃E100动力电池故障维修时间长,487348,"H343,",信息审核,2016款 标准型
东南汽车,东南DX7,2020-06-23,,东南DX7开启雨刮时雨刮器有异常响声,487346,"H60,",处理反馈,2016款 1.5T 自动 荣耀版
一汽丰田,RAV4荣放,2020-06-23,,一汽丰田RAV4荣放右前侧半轴防尘套漏油,487345,"G51,",信息审核,2015款 2.0L CVT 两驱都市版
吉利汽车,远景,2020-06-23,,吉利远景车门及车身螺栓生锈厂家不解决问题,487344,"H79,",用户评分,2018款 1.5L 手动 幸福版
江淮汽车,瑞风S3,2020-06-23,,江淮瑞风S3气囊灯常亮多次维修无法解决,487342,"H103,",处理反馈,2015款 1.5L 手动 豪华智能尊享版
一汽-大众,高尔夫,2020-06-23,,一汽大众高尔夫变速箱程序落后换挡迟缓,487341,"B69,",用户评分,2015款 1.6L 自动 时尚型
上汽大众,凌渡,2020-06-23,,上汽大众凌渡车内异味希望厂家处理,487337,"H185,",信息审核,2015款 330TSI DSG 舒适版
领克汽车,领克01,2020-06-23,,领克01轮胎亏气但胎压监测未报警,487336,"H203,",处理反馈,2019款 2.0T 两驱 纯版 国V
吉利汽车,星越,2020-06-23,,吉利星越车机系统升级后依然卡顿,487335,"O348,",处理反馈,2019款 350T AWD 驭星者
一汽-大众奥迪,奥迪A6L,2020-06-23,,一汽大众奥迪A6L中控仪表台面板起泡凸起,487334,"H176,",信息审核,2020款 45 TFSI quattro 臻选动感型
吉利汽车,星越,2020-06-23,,吉利星越车机死机升级系统无法解决,487333,"H155,O348,",处理反馈,2019款 350T AWD 驭星者
吉利汽车,星越,2020-06-23,,吉利星越车机死机系统升级不兑现,487332,"H155,M279,",处理反馈,2019款 350T 耀星者
东风标致,标致408,2020-06-23,,东风标致408下雨天副驾驶漏水4S店不保修,487331,"H109,I297,Q322,",处理反馈,2018款 350THP 自动 豪华版
吉利汽车,星越,2020-06-23,,吉利星越车机频繁死机系统与宣传不符,487328,"H155,M279,",处理反馈,2019款 改款 350T 耀星者
广汽丰田,凯美瑞,2020-06-23,,广汽丰田凯美瑞左前下摆臂球头处渗油,487325,"G210,",处理反馈,2016款 2.5HG CVT 十周年纪念豪华导航版 双擎
广汽乘用车,传祺GA6,2020-06-23,,广汽传祺GA6换挡顿挫 转向及车内挡杆异响,487322,"B19,D59,H164,",处理反馈,2016款 235T DCT 豪华版
吉利汽车,博越,2020-06-23,,吉利博越变速箱挡位显示灯与宣传不符,487321,"M279,",处理反馈,2020款 1.8TD DCT 智尊PRO
长城汽车,哈弗F5,2020-06-23,,哈弗F5大灯进水售后告知正常未解决,487320,"H88,I292,",用户评分,2019款 1.5T i型 国潮版  国VI
吉利汽车,星越,2020-06-23,,吉利星越车机系统升级后卡顿未解决,487319,"O348,",处理反馈,2019款 300T 耀星者
上汽大众,朗逸,2020-06-23,,上汽大众朗逸变速箱异响 曲轴油封漏油,487317,"A12,B33,",处理反馈,2013款 1.4TSI DSG舒适版
吉利汽车,博越,2020-06-23,,吉利博越变速箱油封渗油要求尽快解决,487314,"B22,",用户评分,2016款 1.8TD 自动 两驱 智联型
吉利汽车,博越,2020-06-23,,吉利博越挡位指示灯及雾灯与厂家宣传不符,487313,"M279,",用户评分,2020款 1.8TD DCT 智领PRO
广汽丰田,凯美瑞,2020-06-23,,广汽丰田凯美瑞机油增多希望尽快解决,487311,"A339,",处理反馈,2019款 2.0G 豪华版 国VI
一汽-大众奥迪,奥迪A4L,2020-06-23,,一汽大众奥迪A4L防冻液壶开裂渗液,487307,"H168,",信息审核,2013款 2.0T 自动 标准型
北京现代,现代ix35,2020-06-23,,北京现代iX35变速箱顿挫车身生锈4S店不解决,487304,"B19,H79,H109,H201,",信息审核,2019款 2.0L 自动 两驱 智勇・畅享版 国V
一汽丰田,卡罗拉,2020-06-23,,一汽丰田卡罗拉低速行驶时变速箱顿挫	,487301,"A9,B33,B19,",信息审核,2017款 1.2T CVT GL-i
一汽-大众,探岳,2020-06-23,,一汽大众探岳低速行驶时变速箱异响,487299,"B33,",处理反馈,2019款 380TSI 四驱 R-Line 国VI
奇瑞汽车,艾瑞泽EX,2020-06-23,,奇瑞艾瑞泽EX加速时发动机异响严重,487298,"A9,",用户评分,2019款 1.5L CVT 自在版 国V
一汽-大众,迈腾,2020-06-23,,一汽大众迈腾变速箱异响希望厂家处理,487296,"B33,",处理反馈,2019款 330TSI DSG 豪华型 国V
一汽大众,捷达VS5,2020-06-23,,捷达VS5前风挡导水槽漏水涡轮增压器生锈,487290,"H79,H109,",处理反馈,2019款 280TSI 自动 进取型
吉利汽车,帝豪,2020-06-23,,吉利帝豪车门内拉手断裂希望厂家索赔,487289,"H168,I297,",处理反馈,2016款 1.5L 手动 向上版 三厢
猎豹汽车,猎豹CS9,2020-06-23,,猎豹CS9暖风水箱漏水4S店不给保修,487287,"A37,I297,",信息审核,2017款 1.5L 手动 风尚型
领克汽车,领克03,2020-06-23,,领克03车内中控台异响4S店无法处理,487285,"H164,H93,I295,J301,",用户评分,2019款 2.0TD 自动 劲Pro版
北京现代,领动,2020-06-23,,北京现代领动涡轮增压器异响4S店不解决,487284,"A189,I295,",信息审核,2019款 1.4T 双离合 炫动・活力型
广汽本田,雅阁,2020-06-23,,广汽本田雅阁右侧日行灯不亮4S店不保修,487283,"H82,I297,",处理反馈,2016款 2.4L  CVT 豪华版
北汽新能源,北汽新能源EX,2020-06-23,,北汽新能源EX厂家不提供财政补贴证明,487281,"I295,I281,L313,",处理反馈,2018款 EX360 新风版
上汽大众,朗逸,2020-06-23,,上汽大众朗逸车内异味严重引起身体不适,487277,"H185,",信息审核,2013款 1.4TSI DSG舒适版
长安马自达,马自达CX-5,2020-06-23,,长安马自达CX-5中控触摸屏乱跳功能失效,487275,"H134,",处理反馈,2015款 2.5L 自动 四驱 旗舰型
上汽大通,上汽MAXUS G10,2020-06-23,,上汽大通G10变速箱换2挡时异响严重,487271,"B33,",处理反馈,2018款 2.4L 手动 精英版 PLUS 汽油
北京现代,菲斯塔,2020-06-23,,北京现代菲斯塔变速箱异响影响驾驶感受,487269,"B33,",信息审核,2019款 280TGDi 智速版 国VI
上汽通用五菱,新宝骏RC-6,2020-06-22,,新宝骏RC-6经销商出售问题车 拖延不处理,487265,"H82,I282,M284,",处理反馈,2019款 1.5T CVT 24小时在线豪华型
一汽丰田,RAV4荣放,2020-06-22,,一汽丰田RAV4荣放方向卡滞无法自动回位,487264,"D123,",信息审核,2010款 2.0 自动 豪华升级版
长安马自达,马自达3 昂克赛拉,2020-06-22,,长安马自达昂克赛拉变速箱脱挡车辆无法行驶,487262,"B246,",处理反馈,2016款 1.5L 自动 豪华型 三厢
上汽大众,朗逸,2020-06-22,,上汽大众朗逸变速箱异响一直无法解决	,487257,"B33,",信息审核,2018款 280TSI DSG 舒适版 国V
广汽本田,飞度,2020-06-22,,广汽本田飞度冷车启动发动机VTC执行器异响,487256,"A9,",处理反馈,2016款 1.5L LXS CVT 舒适天窗版
吉利汽车,博越,2020-06-22,,吉利博越无挡位显示没有前雾灯影响行车安全,487254,"B33,M279,",用户评分,2020款 1.5TD 自动 智联PRO
北京奔驰,奔驰GLC,2020-06-22,,北京奔驰GLC 4S店使用来源不明的配件,487252,"N319,",信息审核,2020款 改款 GLC 260 L 4MATIC 动感型
吉利汽车,缤越,2020-06-22,,吉利缤越门窗漏风 车机系统版本老旧,487249,"H144,L314,",处理反馈,2019款 260T DCT 骑士 国VI
北京越野,北京BJ40,2020-06-22,,北京BJ40 1600-1900转时油门踏板共振,487246,"A24,A174,B19,H268,",处理反馈,2019款 2.3T 自动 四驱 环塔冠军版 国VI
长安汽车,锐程CC,2020-06-22,,长安锐程CC发动机抖动 变速箱顿挫挂挡困难,487240,"A24,B19,B20,H15,",用户评分,2020款 1.5T 手动 炫锐型
北京现代,菲斯塔,2020-06-22,,北京现代菲斯塔行驶过程中变速箱出现异响,487238,"B33,",信息审核,2019款 240TGDi 运动版 国VI
奇瑞汽车,瑞虎8,2020-06-22,,奇瑞瑞虎8发票上的价格比车辆实际价格低,487236,"L314,M315,",用户评分,2019款 1.6TGDI 自动 精英型
一汽-大众奥迪,奥迪Q3,2020-06-22,,奥迪Q3服务站将2019款车型当2020款出售,487234,"L313,M284,",信息审核,2020款 45 TFSI quattro 时尚动感型
一汽-大众,速腾,2020-06-22,,一汽大众速腾前桥异响 挂挡异响,487232,"B33,G158,",处理反馈,2019款 280TSI DSG 舒适型 国VI
广汽丰田,汉兰达,2020-06-22,,广汽丰田汉兰达换装屏幕后出现故障,487231,"H134,",处理反馈,2018款 2.0T 四驱 豪华版 7座 国VI
江铃汽车,驭胜S330,2020-06-22,,驭胜S330变速箱顿挫无法升挡一直未解决,487225,"B19,B69,",信息审核,2016款 1.5L GTDi 自动 两驱 尊贵版
北京现代,现代ix35,2020-06-22,,北京现代ix35发动机异响希望尽快解决,487222,"A9,",处理反馈,2019款 2.0L 自动 两驱 智勇・畅享版 国VI
吉利汽车,星越,2020-06-22,,吉利星越正常行驶时中控台存在异响,487220,"H93,",处理反馈,2019款 350T 耀星者
吉利汽车,远景X3,2020-06-22,,吉利远景X3刹车油管渗油存在安全隐患,487217,"E99,",处理反馈,2019款 升级版 1.5L CVT 精英型
比亚迪,比亚迪S6,2020-06-22,,比亚迪S6变速箱顿挫维修后再次出现故障,487215,"B33,B19,B84,",处理反馈,2014款 2.4L 自动 尊贵型 7座
吉利汽车,帝豪GS,2020-06-22,,吉利帝豪GS变速箱异响多次维修无法解决,487213,"B33,",处理反馈,2016款 1.8L 手动 领尚型 优雅版
吉利新能源,博瑞新能源,2020-06-22,,吉利博瑞新能源高速行驶时变速箱过热,487211,"B95,B96,O348,",用户评分,2020款 1.5T PHEV 耀享版
猎豹汽车,猎豹CS9,2020-06-22,,猎豹CS9方向盘异响厂家无人解决,487205,"D59,",信息审核,2018款 1.5T CVT 劲锐型
长安汽车,长安CS55,2020-06-22,,长安CS55发生事故后4S店维修无法交付,487204,"I282,",处理反馈,2019款 1.5T 手动 炫色型 国VI
广汽本田,雅阁,2020-06-22,,广汽本田雅阁发动机位置出现渗油现象,487200,"A12,",处理反馈,2018款 2.0L 锐酷版 锐・混动 国V
上汽集团,荣威RX3,2020-06-22,,上汽荣威RX3裸车价与合同不一致,487199,"K308,",用户评分,2018款 1.6L CVT 互联网智享版
吉利汽车,星越,2020-06-22,,吉利星越升级后语音控制不灵敏卡顿未解决,487194,"O348,",处理反馈,2019款 300T 耀星者
北京现代,领动,2020-06-22,,北京现代领动前轮耐克森轮胎侧面裂纹,487193,"F100,",处理反馈,2019款 1.5L CVT 智炫・精英型
广汽本田,冠道,2020-06-22,,广汽本田冠道仪表提示多个故障灯全亮,487188,"H110,",信息审核,2017款 240TURBO CVT 两驱 尊享版
上汽大众,凌渡,2020-06-22,,上汽大众凌渡变速箱异响希望厂家处理,487187,"B33,",信息审核,2017款 280TSI DSG 舒适版
江铃福特,领界,2020-06-22,,江铃福特领界售后保养后发现轮胎有裂痕,487184,"J300,J299,",厂家受理,2019款 EcoBoost 145 CVT 铂领型 国V
东风标致,标致5008,2020-06-22,,东风标致5008轮毂氧化严重希望厂家处理,487183,"H243,",处理反馈,2017款 350THP 精英版 7座
广汽本田,奥德赛,2020-06-22,,广汽本田奥德赛开空调时吹出白色粉末,487180,"H101,",处理反馈,2017款 2.4L CVT 智享版
上汽大众,凌渡,2020-06-22,,上汽大众凌渡变速箱异响换挡困难,487173,"B33,B20,",信息审核,2019款 280TSI DSG 舒适版 国VI
东风标致,标致5008,2020-06-22,,东风标致5008电尾门开关故障希望厂家处理,487171,"H68,",处理反馈,2017款 380THP 豪华GT版 7座
云度新能源,云度π1,2020-06-22,,云度π1刹车变硬希望厂家退车处理,487170,"E333,",信息审核,2017款 城际乐派型
吉利汽车,缤越,2020-06-22,,吉利缤越4S店安装原车挡泥板擅自损坏车体,487169,"J299,O305,",处理反馈,2019款 260T DCT 游侠 运动款 国V
一汽-大众奥迪,奥迪A6L,2020-06-22,,一汽大众奥迪A6L车身天窗发动机异响,487168,"A9,H15,H89,",信息审核,2019款 40 TFSI 豪华动感型
SWM斯威汽车,SWM斯威X7,2020-06-22,,斯威X7发动机油耗高希望尽快得到处理,487163,"A85,",信息审核,2017款 1.5T 自动 智享型 7座
吉利汽车,缤越,2020-06-22,,吉利缤越刹车异响 车机系统故障,487162,"E43,H155,",处理反馈,2019款 260T DCT 游侠 国VI
上汽斯柯达,晶锐,2020-06-22,,斯柯达晶锐空调不制冷多次维修没结果,487159,"H101,J298,",信息审核,2017款 1.4L 自动 车享版
吉利汽车,帝豪,2020-06-22,,吉利帝豪大灯进水严重希望尽快处理,487158,"H88,",处理反馈,2017款 1.5L 手动 向上版 三厢 百万款
广汽丰田,雷凌,2020-06-22,,广汽丰田雷凌发动机烧机油希望处理,487156,"A63,",处理反馈,2017款 185T CVT 精英版 国V 改款
一汽-大众,探岳,2020-06-22,,一汽大众探岳经销商将展车当做新车出售,487152,"M279,",处理反馈,2020款 330TSI 两驱 豪华智联版
雷克萨斯,雷克萨斯NX,2020-06-22,,雷克萨斯NX导航不灵敏 更新不及时,487148,"H21,",厂家受理,2018款 300h 前驱 锋尚版 国VI
众泰汽车,众泰SR7,2020-06-22,,众泰SR7车内中控台以及车门严重异响,487147,"H72,H93,",处理反馈,2017款 1.5T CVT 魔方之路版
奥迪（进口）,奥迪e-tron（进口）,2020-06-22,,奥迪(进口)e-tron充电桩少续航与宣传不符,487146,"H340,M279,O347,",信息审核,2019款 55 quattro 全球限量版Edition 1
一汽-大众奥迪,奥迪A6L,2020-06-22,,一汽大众奥迪A4L轮毂变形4S店不给保修,487142,"H243,I297,",信息审核,2019款 45 TFSI 臻选动感型
猎豹汽车,猎豹CS10,2020-06-22,,猎豹CS10行驶中车门异响 发动机异响,487140,"A9,H72,",信息审核,2015款 2.0T 手动 卓越版
力帆汽车,轩朗,2020-06-22,,力帆轩朗离合器损坏发动机有焊接痕迹,487139,"A235,C17,H78,H48,H197,I297,",信息审核,2017款 2.0L 手动 舒适型
东风标致,标致4008,2020-06-22,,东风标致4008加速无力发动机故障灯亮,487138,"A34,A160,I297,",处理反馈,2018款 350THP 精英版
一汽-大众,探岳,2020-06-22,,一汽大众探岳换挡时变速箱顿挫有异响,487136,"B33,B19,",处理反馈,2019款 330TSI 两驱 豪华型 国Ⅵ
广汽丰田,汉兰达,2020-06-22,,广汽丰田汉兰达漆面龟裂希望厂家处理,487135,"H81,",信息审核,2017款 2.0T 四驱 豪华导航版 7座
上汽大众,途昂X,2020-06-22,,上汽大众途昂X发动机自动启停功能故障,487131,"A24,H263,",信息审核,2019款 530 V6 四驱 尊崇旗舰版
雷克萨斯,雷克萨斯ES,2020-06-22,,雷克萨斯ES天窗玻璃爆裂存在质量问题,487130,"H113,",厂家受理,2015款 2.0L 自动  精英版 ES 200
广汽三菱,欧蓝德,2020-06-22,,广汽三菱欧蓝德车辆事故后安全气囊未打开,487129,"H55,",厂家受理,2019款 2.4L 四驱 致享版 7座 国VI
东风标致,标致3008,2020-06-22,,东风标致3008多次在行驶过程中突然熄火,487128,"A14,",处理反馈,2015款 1.6THP 自动 潮流版
一汽-大众,C-TREK蔚领,2020-06-22,,一汽大众蔚领高速时踩刹车方向盘抖动,487127,"D80,",处理反馈,2017款 230TSI 自动 舒适型
东风标致,标致3008,2020-06-22,,东风标致3008节温器故障导致发动机故障灯亮,487126,"A34,A191,",用户评分,2015款 1.6THP 自动 潮流版
一汽-大众,速腾,2020-06-22,,一汽大众速腾发动机变速箱离合器抖动,487121,"A24,B95,C87,",处理反馈,2018款 280TSI 双离合 舒适型
沃尔沃亚太,沃尔沃S90,2020-06-22,,亚太沃尔沃S90低频噪音大共振严重	,487119,"H268,",信息审核,2019款 T5 智逸版
长安马自达,马自达3 昂克赛拉,2020-06-22,,长安马自达昂克赛拉中控台屏幕脱胶严重,487118,"H134,H168,",处理反馈,2016款 1.5L 自动 豪华型 三厢
猎豹汽车,猎豹CS10,2020-06-22,,猎豹CS10制动效果极差导致发生事故,487114,"E269,",信息审核,2015款 2.0T 手动 卓越版
一汽-大众,T-ROC探歌,2020-06-22,,一汽大众探歌高压油泵异响严重希望厂家处理,487111,"H78,",处理反馈,2019款 230TSI DSG 两驱 进取型 国V
北京奔驰,奔驰C级,2020-06-22,,北京奔驰C级新车交付时车漆被剐蹭,487110,"J299,",信息审核,2020款 C 260 L 运动版
东风日产,骐达TIIDA,2020-06-22,,东风日产骐达悬架生锈腐蚀存在安全隐患,487108,"H79,",处理反馈,2019款 1.6L CVT 智尊版 国Ⅵ
雷克萨斯,雷克萨斯CT,2020-06-22,,雷克萨斯CT大灯灯罩内部出现密集气泡,487106,"H220,I295,I297,I293,",厂家受理,2017款 CT200h 精英版 单色 国VI
东风雪铁龙,雪铁龙C4L,2020-06-22,,东风雪铁龙C4L方向盘上下左右晃动,487103,"D80,",用户评分,2014款 1.8L 自动 智驱版 劲享型
上汽大众,朗逸,2020-06-22,,上汽大众朗逸韩泰轮胎开裂存在安全隐患,487102,"F100,",处理反馈,2017款 1.6L 自动 舒适版
东风日产,天籁,2020-06-22,,东风日产天籁变速箱漏油 发动机烧机油,487101,"A63,B22,D58,",处理反馈,2013款 2.0L XL 舒适版
一汽-大众,速腾,2020-06-22,,一汽大众速腾空调出风口损坏存在质量问题,487099,"H168,",处理反馈,2018款 280TSI 双离合 舒适型
吉利新能源,星越新能源,2020-06-22,,吉利星越车机系统升级后卡顿问题未能解决,487096,"O348,",用户评分,2019款 400T 驭星者 纯电动续航80KM
奇瑞汽车,瑞虎5,2020-06-22,,奇瑞瑞虎5实车信息与厂家系统不符,487095,"M279,",厂家受理,2017款 1.5T CVT 舒适版
长城汽车,哈弗H2s,2020-06-22,,哈弗H2s转向拉杆生锈掉漆希望处理,487092,"H79,",处理反馈,2018款 1.5T 双离合 精英型 红标
长安马自达,马自达CX-5,2020-06-22,,长安马自达CX-5安全带损伤4S店使用旧件,487090,"H118,N316,",信息审核,2020款 2.0L 自动 两驱 智尊型
吉利汽车,星越,2020-06-22,,吉利星越车机黑屏版本与宣传不符,487083,"H155,M279,",处理反馈,2019款 350T 暗夜骑士限量版
长城汽车,长城C30,2020-06-22,,长城C30车身漆面生锈4S店不解决,487082,"H79,I295,",处理反馈,2013款 1.5L 手动 豪华型
一汽-大众,宝来,2020-06-22,,一汽大众宝来车漆起泡掉漆影响美观,487080,"H81,",处理反馈,2019款 改款 1.5L 自动 舒适型 国VI
东风标致,标致408,2020-06-22,,东风标致408发动机烧机油严重希望处理,487077,"A63,",处理反馈,2014款 1.8L 自动 豪华版
江淮汽车,瑞风S2,2020-06-22,,江淮瑞风S2刹车异响方向盘晃动严重,487074,"D265,E43,",用户评分,2015款 1.5L 手动 豪华智能型
一汽大众,捷达VS5,2020-06-22,,一汽大众捷达VS5发动机舱进水涡轮生锈,487072,"H93,H109,",处理反馈,2019款 280TSI 自动 悦享型
一汽-大众奥迪,奥迪A3,2020-06-22,,一汽大众奥迪A3空调出风口经常不出风,487071,"H101,J298,",信息审核,2017款 Limousine 1.4T 双离合 时尚型
东风标致,标致301,2020-06-22,,东风标致标致301三元催化器老化4S店拒赔,487070,"H54,",处理反馈,2018款 1.6L 自动 舒适版
一汽丰田,卡罗拉,2020-06-22,,一汽丰田卡罗拉方向盘异响沉重 座垫塌陷,487069,"D59,D156,H169,",信息审核,2014款 1.6L CVT GL-i真皮版
华晨宝马,宝马5系,2020-06-22,,华晨宝马5系天窗和前挡风玻璃爆裂,487058,"H113,",处理反馈,2020款 525Li M运动套装
上汽大众,途观L,2020-06-22,,上汽大众途观L下雨时天窗处出现漏水现象,487057,"H90,",信息审核,2019款 改款 330TSI 自动 两驱 智动豪华版 国VI
吉利汽车,星越,2020-06-22,,吉利星越车机出现死机现象系统与宣传不符,487055,"H155,M279,",用户评分,2019款 350T 暗夜骑士限量版
长城汽车,WEY P8,2020-06-22,,WEY P8配件质量差导致频繁故障,487053,"J298,N317,",处理反馈,2018款 2.0T 旗舰型
吉利汽车,熊猫,2020-06-22,,吉利熊猫转向机故障要求尽快处理,487051,"D265,",用户评分,2009款 1.3L 手动 灵动版
奔驰（进口）,奔驰S级,2020-06-22,,进口奔驰S级发动机水温高一直未解决,487042,"A191,",信息审核,2019款 S 320 L
上汽斯柯达,柯迪亚克,2020-06-22,,斯柯达柯迪亚克厂家置换补贴未兑现	,487041,"L313,",信息审核,2019款 TSI330 两驱 舒适版 5座 国VI
吉利汽车,星越,2020-06-22,,吉利星越车机系统升级后死机并且卡滞,487040,"H155,O348,",处理反馈,2019款 350T 耀星者
东风日产,逍客,2020-06-22,,东风日产逍客变速箱阀体故障要求尽快解决,487039,"B84,",用户评分,2016款 2.0L CVT 豪华版
广汽本田,锋范,2020-06-22,,广汽本田锋范发动机冷启动异响要求厂家保修,487037,"A9,",处理反馈,2015款 1.5L CVT 豪华版
上汽大众,凌渡,2020-06-22,,上汽大众凌渡车内一直存在浓重的异味,487036,"H185,",信息审核,2015款 330TSI DSG 舒适版
一汽吉林,森雅R9,2020-06-22,,一汽吉林森雅R9发动机故障灯亮 售后无配件,487031,"A34,H170,N318,",信息审核,2018款 1.2T 自动 豪华智尚型
长安汽车,长安CS55,2020-06-22,,长安CS55车门掉漆 主驾驶门框胶条老化,487030,"H81,H48,",处理反馈,2018款 1.5T 自动 炫色型 国V
奇瑞汽车,捷途X70,2020-06-22,,奇瑞捷途X70变速箱电脑插头密封不严,487029,"H110,I297,",处理反馈,2020款 1.5T DCT 悦行版 6座
华晨宝马,宝马5系,2020-06-22,,华晨宝马5系车身稳定系统故障导致故障灯亮,487021,"H170,",处理反馈,2020款 530Li 尊享型 M运动套装
东风标致,标致308,2020-06-22,,东风标致308变速箱顿挫要求厂家给予保修,487018,"B19,B96,",处理反馈,2013款 1.6L 自动 优尚型
上汽斯柯达,晶锐,2020-06-22,,斯柯达晶锐后门升降器损坏厂未处理,487017,"H67,I295,",信息审核,2017款 1.4L 自动 车享版
广汽本田,雅阁,2020-06-22,,广汽本田雅阁动力电池冷却系统失效,487014,"H345,",处理反馈,2018款 2.0L 锐领版 锐・混动 国VI
吉利汽车,星越,2020-06-22,,吉利星越车机与宣传不符系统升级未通知,487013,"I294,M279,O296,",处理反馈,2019款 350T 暗夜骑士限量版
广汽丰田,凯美瑞,2020-06-22,,广汽丰田凯美瑞左右半轴防尘套漏油严重,487009,"G161,",处理反馈,2015款 2.0G 自动 领先版
吉利汽车,远景,2020-06-22,,吉利远景新车不带胎压显示功能厂家减配,487008,"Q350,",用户评分,2020款 1.5L 手动 亚运版
奇瑞汽车,捷途X70,2020-06-22,,捷途X70悬挂及B柱异响 天窗开关失灵,487003,"G52,H15,H192,",处理反馈,2018款 1.5T 自动 悦行版
广汽乘用车,传祺GS5,2020-06-22,,广汽传祺GS5变速箱顿挫严重中控屏幕黑屏,486991,"B19,E43,H134,I295,I293,",处理反馈,2019款 270T 自动 豪华版
MINI,MINI,2020-06-22,,MINI天窗开关故障导致车内积水严重,486981,"H192,",信息审核,2019款 1.5T COOPER 经典派
吉利汽车,帝豪,2020-06-22,,吉利帝豪车门生锈 漆面鼓包 要求处理,486980,"H79,H81,",处理反馈,2018款 1.5L CVT 豪华型
长安马自达,马自达3 昂克赛拉,2020-06-22,,长安马自达昂克赛拉扶手箱异响播放音乐卡顿,486974,"H134,H81,H164,",处理反馈,2020款 2.0L 自动 质豪版
一汽-大众,速腾,2020-06-22,,一汽大众速腾方向盘出现脱皮现象,486972,"H168,",处理反馈,2018款 280TSI DSG熠动版
上汽集团,名爵6,2020-06-22,,上汽名爵6变速箱顿挫异响存在质量问题,486970,"B33,B19,",处理反馈,2017款 20T 自动 豪华智联版 国V
宝马（进口）,宝马X5 M,2020-06-22,,宝马X5M发动机故障行驶熄火厂家不保修,486968,"A14,A44,I295,I297,",处理反馈,2015款 4.4T
上汽大众,途岳,2020-06-22,,上汽大众途岳韩泰轮胎开裂现象严重,486966,"F100,",信息审核,2019款 280TSI 两驱 豪华版 国VI
一汽解放,解放J6P,2020-06-22,,一汽解放J6P卸货过程前置顶折断 车厢侧翻,486965,"G230,",信息审核,2011款 解放J6P 9.0 集装箱 半挂 牵引汽车 CA4250P66K24T1A1 EX型
广汽本田,雅阁,2020-06-22,,广汽本田雅阁后备箱与翼子板接缝处未喷漆,486964,"H81,",处理反馈,2018款 260TURBO 精英版 国VI
北京现代,逸行,2020-06-22,,北京现代逸行导航故障4S店不给保修,486963,"H21,I295,I297,J298,",用户评分,2018款 1.4T 双离合 逸尚型 国V
一汽-大众奥迪,奥迪Q5,2020-06-22,,一汽大众奥迪Q5节温器和冷却水壶漏防冻液,486962,"A37,",信息审核,2016款 40 TFSI 技术型
几何汽车,几何A,2020-06-22,,几何A终身免费道路救援承诺不兑现,486961,"L314,",信息审核,2019款 高维标准续航幂方版
一汽丰田,奕泽IZOA,2020-06-22,,一汽丰田奕泽销售人员故意刁难拒绝维修保养,486960,"I295,I282,",信息审核,2018款 2.0L 奕驰版 国VI
吉利汽车,帝豪,2020-06-22,,吉利帝豪中控台异响 方向盘异响厂家不处理,486959,"D59,H93,I295,",处理反馈,2018款 1.5L CVT 向上互联版
沃尔沃亚太,沃尔沃S60,2020-06-22,,亚太沃尔沃S60倍耐力轮胎鼓包质量差,486958,"F39,",处理反馈,2020款 T3 智行豪华版
吉利汽车,博越,2020-06-22,,吉利博越实车没有前雾灯与厂家宣传不符,486957,"M279,",处理反馈,2020款 1.8TD DCT 智尊PRO
广汽本田,飞度,2020-06-22,,广汽本田飞度发动机冷启动异响严重,486951,"A9,",用户评分,2014款 1.5L CVT SE时尚型
一汽-大众,CC,2020-06-22,,一汽大众CC反光镜自动收回行车雷达故障,486948,"H68,H82,H170,H211,I295,J298,M284,",处理反馈,2018款 1.8TSI 豪华型
一汽-大众,宝来,2020-06-22,,一汽大众宝来刹车异响维修未解决问题,486947,"E43,",处理反馈,2020款 1.5L 自动 精英型
一汽奔腾,奔腾X40,2020-06-22,,一汽奔腾X40发动机缸盖损坏4S店不予保修,486934,"A24,A163,A160,I297,J298,Q290,",信息审核,2017款 1.6L 自动 尊享型
吉利汽车,星越,2020-06-22,,吉利星越车机系统升级软件后卡顿严重,486931,"O348,",处理反馈,2019款 350T 耀星者
东风标致,标致408,2020-06-22,,东风标致408行驶中发动机缺缸抖动,486930,"A24,A34,A14,N318,",处理反馈,2016款 1.6T 自动 豪华版
吉利汽车,星越,2020-06-22,,吉利星越车机黑屏操作版本与宣传不符,486927,"H155,M279,",处理反馈,2019款 300T 耀星者
吉利汽车,帝豪GL,2020-06-22,,吉利帝豪GL分离轴承损坏导致离合器沉重,486925,"C181,",用户评分,2017款 1.3T 手动 精英型
东风雪铁龙,C4世嘉,2020-06-22,,东风雪铁龙C4世嘉发动机有烧机油的现象,486924,"A63,",处理反馈,2016款 1.6L 自动 舒适型 悦心版
众泰汽车,众泰T300,2020-06-22,,众泰T300天窗震动 左侧后视镜转向灯不亮,486922,"H89,H82,",处理反馈,2017款 1.5L 手动 尊享型
长安铃木,奥拓,2020-06-22,,长安铃木奥拓出现事故导致发动机舱自燃,486920,"H103,H40,",处理反馈,2016款 1.0L 自动 豪华炫动版
上汽大众,朗逸,2020-06-22,,上汽大众朗逸发动机故障灯亮4S店无法解决,486918,"A34,I295,J298,",处理反馈,2019款 1.5L 自动 舒适版 国VI
吉利汽车,博越,2020-06-22,,吉利博越车机系统及功能与宣传时不符,486915,"M279,",用户评分,2020款 1.8TD DCT 智领PRO
一汽-大众,宝来,2020-06-22,,一汽大众宝来行驶过程中发动机自动熄火,486914,"A14,",处理反馈,2019款 改款 280TSI DSG 精英型 国VI
一汽奔腾,奔腾T77,2020-06-22,,一汽奔腾T77排气管严重生锈4S店拒绝更换,486906,"H30,I297,",信息审核,2020款 PRO 280 TID 自动 尊享型
东风雪铁龙,雪铁龙C4L,2020-06-22,,东风雪铁龙C4L高压油泵故障导致启动困难,486905,"A44,H78,",处理反馈,2013款 1.6THP 自动 劲智版
上汽大众,途观,2020-06-22,,上汽大众途观低速转弯时异响希望处理,486904,"D59,",信息审核,2016款 300TSI 自动 四驱 风尚视野版
一汽-大众奥迪,奥迪Q5L,2020-06-22,,一汽大众奥迪Q5L部分批次无主动进气格栅,486903,"M279,",信息审核,2020款 40 TFSI 荣享时尚型
东风日产,天籁,2020-06-22,,东风日产天籁多媒体死机倒车影像不显示,486902,"H134,H168,",用户评分,2020款 2.0L XL 舒适版
吉利汽车,星越,2020-06-22,,吉利星越车机卡顿升级后未解决要求升级硬件,486901,"O348,",处理反馈,2019款 300T 耀星者
上汽大众,桑塔纳,2020-06-22,,上汽大众桑塔纳车灯漏水 发动机异响,486900,"A9,H82,",信息审核,2019款 1.5L 手动 风尚版 国VI
吉利汽车,星越,2020-06-22,,吉利星越车机死机系统升级承诺不兑现,486899,"H155,L314,",处理反馈,2019款 350T 耀星者
长城汽车,哈弗H2,2020-06-22,,长城哈弗H2转向机异响要求厂家保修处理,486897,"D59,I297,",处理反馈,2017款 1.5T 自动 两驱精英型 蓝标
东风本田,本田UR-V,2020-06-22,,东风本田UR-V发动机怠速抖动 方向盘抖动,486893,"A35,D80,",处理反馈,2017款 240TURBO 两驱 经典版 国VI
吉利汽车,博越,2020-06-22,,吉利博越4S店销售新车收取定位服务费,486892,"K307,K325,M315,",处理反馈,2018款 1.8TD 自动 两驱 智联型 4G互联版
东风雪铁龙,天逸 C5 AIRCROSS,2020-06-22,,东风雪铁龙天逸C5 AIRCROSS汽油泵损坏,486891,"A34,A44,H78,H90,",用户评分,2020款 360THP 悦享型
长安标致雪铁龙DS,DS6,2020-06-22,,长安标致雪铁龙DS6发动机烧机油反复拖延,486889,"A63,I282,",信息审核,2014款 1.6T 豪华版THP160
吉利汽车,帝豪,2020-06-22,,吉利帝豪发动机正时盖渗油更换正时盖未解决,486883,"A12,J298,",用户评分,2014款 1.3T 手动 尊贵型 三厢
一汽大众,捷达VS5,2020-06-22,,捷达VS5导水槽漏水导致涡轮生锈严重,486879,"H79,H109,",处理反馈,2019款 280TSI 自动 荣耀型
上汽集团,名爵HS,2020-06-22,,上汽名爵HS经销商出售问题车不退还订金,486877,"K309,M284,",处理反馈,无
吉利汽车,博越,2020-06-22,,吉利博越挡位灯与宣传不符厂家不回复,486876,"I294,M279,",处理反馈,2020款 1.8TD DCT 智领PRO
上汽集团,荣威RX5 MAX,2020-06-22,,上汽荣威RX5 MAX系统信息与实际不符,486875,"M284,M279,",处理反馈,2019款 300TGI 自动 4G互联豪华版
一汽奔腾,奔腾B50,2020-06-22,,一汽奔腾B50空调系统故障厂家未回复,486873,"H101,I294,",信息审核,2016款 1.6L 手动 豪华型
奥迪（进口）,奥迪Q7,2020-06-22,,奥迪Q7两前车窗升降失灵影响正常使用,486872,"H67,",信息审核,2019款 55 TFSI S line运动型
广汽乘用车,传祺GS7,2020-06-22,,广汽传祺GS7发动机冷却液减少要求解决,486871,"A191,",处理反馈,2017款 320T 两驱 豪华智联型
江铃福特,领界,2020-06-22,,江铃福特领界发动机异响希望尽快处理,486869,"A9,",处理反馈,2019款 EcoBoost 145 CVT 尊领型 国VI
长安马自达,马自达3 昂克赛拉,2020-06-22,,长安马自达昂克赛拉中控台屏幕右上角脱胶,486868,"H168,",处理反馈,2016款 1.5L 自动 豪华型 三厢
长安汽车,长安CS55,2020-06-22,,长安CS55轮毂氧化脱皮存在质量问题,486866,"H243,",处理反馈,2017款 1.5T 手动 炫动型
上汽大众,途观L,2020-06-22,,上汽大众途观L天窗堵塞漏水气囊故障灯亮,486863,"H103,H90,",信息审核,2018款 330TSI 自动 两驱 豪华版
上汽集团,名爵6,2020-06-22,,上汽名爵6事故维修售后承诺给予补偿未兑现,486861,"J300,L314,N321,",用户评分,2017款 20T 手动 豪华智联版 国V
吉利汽车,星越,2020-06-22,,吉利星越车机系统升级后死机卡顿严重,486860,"H155,O348,",处理反馈,2019款 350T 暗夜骑士限量版
一汽-大众,迈腾,2020-06-22,,一汽大众迈腾车漆多处腐蚀4S店拒绝处理,486859,"H81,I292,",用户评分,2019款 330TSI DSG 豪华型 国VI
吉利汽车,远景,2020-06-22,,吉利远景倒车影像花屏4S店不回复,486855,"H134,",处理反馈,2020款 1.5L 手动 亚运版
上汽大众,途安,2020-06-22,,上汽大众途安变速箱顿挫厂家否认质量问题,486852,"B19,I292,",用户评分,2011款 1.4TSI DSG 智雅版 5座
奇瑞汽车,艾瑞泽7,2020-06-22,,奇瑞艾瑞泽7加速时空调压缩机异响,486851,"H101,",处理反馈,2015款 1.6L CVT 致享版
长安汽车,逸动XT,2020-06-22,,长安逸动XT排气管无隔热瓦导致车内高温,486849,"Q322,",处理反馈,2018款 1.6L GDI 自动 锐潮型 国V
吉利汽车,星越,2020-06-22,,吉利星越车机黑屏死机宣传与实车搭载不符,486847,"H155,M279,",处理反馈,2019款 350T 驭星者
一汽红旗,红旗H5,2020-06-22,,一汽红旗H5手机端更新后 无法与车机互联,486845,"H155,O348,",信息审核,2019款 30TD 智联韵动版
一汽丰田,RAV4荣放,2020-06-22,,一汽丰田RAV4荣放机油增多要求处理,486844,"A339,",信息审核,2020款 2.5L CVT 四驱 精英版 双擎
英菲尼迪（进口）,英菲尼迪Q50,2020-06-22,,英菲尼迪Q50发动机灯亮 启停系统故障,486842,"A34,H263,",信息审核,2014款 2.0T 舒适版
奇瑞汽车,捷途X70,2020-06-22,,捷途X70车门螺丝生锈希望得到处理,486841,"H79,",处理反馈,2020款 1.5T DCT 悦行版 7座
一汽丰田,卡罗拉,2020-06-22,,一汽丰田卡罗拉掉毂掉漆氧化希望处理,486838,"H243,",信息审核,2011款 1.8 CVT GL-i
吉利汽车,星越,2020-06-22,,吉利星越出现死机现象系统版本不符,486830,"H155,M279,",处理反馈,2019款 350T 驭星者
一汽丰田,奕泽IZOA,2020-06-22,,一汽丰田奕泽IZOA副驾侧异响4S店未解决,486825,"H164,H93,J301,J303,",信息审核,2018款 2.0L 奕驰版 国VI
吉利汽车,博越,2020-06-22,,吉利博越后防撞梁材料存在不同程度缩水,486824,"M279,Q322,",用户评分,2020款 1.8TD DCT 智慧PRO
上汽通用五菱,宝骏630,2020-06-22,,宝骏630车门生锈多次维修无法解决,486821,"H79,",处理反馈,2011款 1.5L 手动 舒适型
广汽本田,凌派,2020-06-22,,广汽本田凌派变速箱渗油4S店不予索赔,486820,"B22,I297,",处理反馈,2015款 1.8 自动 豪华版
东风乘用车,风神AX7,2020-06-22,,东风风神AX7发动机冷启动异响4S店无法解决,486819,"A9,I295,",处理反馈,2018款 1.6T 自动 豪华型
一汽丰田,亚洲龙,2020-06-22,,一汽丰田亚洲龙发动机机油增多要求解决,486818,"A339,",信息审核,2019款 双擎 2.5L XLE 尊贵版 国Ⅵ
一汽-大众,高尔夫,2020-06-22,,一汽大众高尔夫主驾侧车门接触开关损坏,486817,"H234,",处理反馈,2017款 1.6L 自动 舒适百万辆纪念版
吉利汽车,缤越,2020-06-22,,吉利缤越车辆停放后出现多处故障无法行驶,486812,"H49,",用户评分,2019款 260T DCT 骑士 国VI
长安马自达,马自达3 昂克赛拉,2020-06-22,,长安马自达昂克赛拉高速共振 后视镜打不开,486810,"H268,H211,",处理反馈,2017款 1.5L 自动 尊贵型 三厢 国V
广汽本田,飞度,2020-06-22,,广汽本田飞度发动机启动异响 变速箱顿挫,486809,"A9,B19,",处理反馈,2014款 1.5L CVT SE时尚型
北京现代,领动,2020-06-21,,北京现代领动起步时变速器异响顿挫明显,486807,"B33,B19,",用户评分,2018款 1.4T 双离合 炫动・活力型
东风标致,标致308,2020-06-21,,东风标致308变速箱顿挫 故障灯亮 无法提速,486805,"B19,B96,B334,",用户评分,2013款 1.6L 自动 优尚型
北京奔驰,奔驰C级,2020-06-21,,北京奔驰C级4S店服务态度差 维修技术差,486802,"I293,J303,O305,O324,",信息审核,2019款 C 260 运动版
东风标致,标致408,2020-06-21,,东风标致408固特异轮胎开裂鼓包,486800,"F100,",用户评分,2015款 1.2T 自动 豪华版
东风本田,本田XR-V,2020-06-21,,东风本田XR-V发动机挂挡后抖动 刹车异响,486799,"A24,E43,",处理反馈,2017款 1.8L EXi CVT 舒适版
一汽-大众,探岳,2020-06-21,,一汽大众探岳变速箱降挡是异响严重,486798,"B33,",处理反馈,2019款 330TSI 两驱 豪华型 国Ⅵ
奇瑞新能源,瑞虎3xe,2020-06-21,,奇瑞瑞虎3xe电池电量消耗速度过快,486795,"H343,",厂家受理,2018款 480 畅行版
吉利汽车,吉利GX7,2020-06-21,,吉利GX7转向系统漏油 4S店服务态度差,486793,"D58,N320,",用户评分,2014款 1.8L 手动 超值版
一汽-大众,迈腾,2020-06-21,,一汽大众迈腾变速箱机电控制单元损坏,486792,"B84,",处理反馈,2015款 1.8TSI 豪华型
吉利汽车,星越,2020-06-21,,吉利星越车机死机车机系统与宣传不符,486782,"H155,M279,",处理反馈,2019款 350T 驭星者
东风悦达起亚,焕驰,2020-06-21,,东风悦达起亚焕驰变速箱顿挫 怠速转速高,486779,"A35,B19,",处理反馈,2019款 1.4L 手动 智享版Value 国VI
一汽-大众,迈腾,2020-06-21,,一汽大众迈腾车内存在刺鼻的异味,486778,"H185,",用户评分,2015款 1.8TSI 豪华型
福田汽车,欧曼,2020-06-21,,福田欧曼行驶过程中后桥异响严重,486777,"G158,",信息审核,2008款 BJ5203VKCJP
吉利汽车,博越,2020-06-21,,吉利博越行驶过程中转向和底盘出现异响,486772,"D59,G56,",用户评分,2020款 1.8TD DCT 智尊PRO
一汽大众,捷达VS5,2020-06-21,,捷达VS5发动机抖动故障灯亮发动机舱漏水,486770,"A24,A34,H109,",用户评分,2019款 280TSI 自动 荣耀型
吉利汽车,星越,2020-06-21,,吉利星越车机死机系统版本与宣传不符,486768,"H155,M279,",用户评分,2019款 350T 暗夜骑士限量版
吉利汽车,星越,2020-06-21,,吉利星越车机版本升级后依然卡顿,486766,"O348,",处理反馈,2019款 350T 驭星者
林肯（进口）,林肯MKX,2020-06-21,,林肯MKX经销商收取续保押金不退还,486762,"K309,",信息审核,2017款 2.0T 四驱 尊雅版
东风悦达起亚,起亚K3,2020-06-21,,东风悦达起亚K3前挡风玻璃开裂 变速箱脱挡,486760,"B246,H113,",处理反馈,2016款 1.6L 自动 GLS
长城汽车,哈弗H8,2020-06-21,,哈弗H8天窗排水管堵塞电器控制模块浸水失灵,486758,"H90,",处理反馈,2015款 2.0T 两驱 标准型 5座
北京现代,名图,2020-06-21,,北京现代名图天窗异响 转向异响,486757,"D59,H89,",处理反馈,2017款 1.6T 自动 智能型 GLS
东风标致,标致3008,2020-06-21,,东风标致3008米其林轮胎出现开裂的现象,486756,"F100,",处理反馈,2016款 2.0L 自动 潮流版
吉利汽车,缤越,2020-06-21,,吉利缤越油箱起火导致车辆着火自燃,486755,"H40,",处理反馈,2020款 PRO 240T DCT 猎手
上汽集团,名爵ZS,2020-06-21,,上汽名爵ZS发动机异响 方向盘按键故障,486751,"A9,H134,",用户评分,2020款 260TGI 自动 Trophy Plus L2+
广汽本田,飞度,2020-06-21,,广汽本田飞度头枕插杆无防锈处理无法调整,486750,"H157,",处理反馈,2016款 1.5L LXS CVT 舒适天窗版
吉利汽车,星越,2020-06-21,,吉利星越限量徽章与官方宣传不一致,486749,"M279,",处理反馈,2019款 350T 暗夜骑士限量版
上汽大众,朗逸,2020-06-21,,上汽大众朗逸副驾驶门锁不住刹车异响,486738,"E43,H197,",处理反馈,2017款 1.6L 手动 舒适版
广汽本田,飞度,2020-06-21,,广汽本田飞度冷车启动时发动机异响严重,486737,"A9,",处理反馈,2014款 1.5L 手动 LX舒适型
吉利汽车,星越,2020-06-21,,吉利星越车机更新后呼叫启动没反应,486730,"O348,",用户评分,2019款 改款 350T 耀星者
上汽通用五菱,五菱宏光,2020-06-21,,上汽通用五菱宏光发动机报警怠速高,486729,"A34,A38,",处理反馈,2014款 1.5L 标准型
吉利汽车,星越,2020-06-21,,吉利星越车机升级后依然卡顿要求处理,486728,"O348,",处理反馈,2019款 350T 耀星者
吉利汽车,帝豪,2020-06-21,,吉利帝豪起步时变速箱顿挫要求处理,486727,"B19,",处理反馈,2017款 1.5L CVT 豪华型 三厢 百万款
奇瑞新能源,奇瑞eQ1,2020-06-21,,奇瑞eQ1动力电池故障导致报警希望处理,486721,"H343,",厂家受理,2017款 智享版
长安汽车,锐程CC,2020-06-21,,长安锐程CC无法升挡影响正常使用,486717,"B20,",处理反馈,2020款 1.5T 自动 潮锐型
上汽斯柯达,速派,2020-06-21,,斯柯达速派起步时变速箱故障无法行驶,486716,"B84,",处理反馈,2013款 1.4T DSG 绅仕版
吉利汽车,博越,2020-06-21,,吉利博越宣传与实车不符无挡位灯,486707,"M279,",处理反馈,2020款 1.8TD DCT 智慧PRO
上汽大众,桑塔纳,2020-06-21,,上汽大众桑塔纳韩泰轮胎开裂半轴球笼漏油,486706,"F100,G56,G161,",信息审核,2017款 1.6L 手动 风尚型 Cross
东风本田,本田CR-V,2020-06-21,,东风本田CR-V发动机熄火希望厂家处理,486704,"A14,J298,J301,",处理反馈,2015款 2.4L 两驱 豪华版
众泰汽车,众泰E200,2020-06-21,,众泰E200行驶过程中失去动力存在安全隐患,486700,"A346,I295,L310,N318,",信息审核,2018款 Pro
一汽-大众,探岳,2020-06-21,,一汽大众探岳大灯亮度严重不足影响安全,486699,"H82,",用户评分,2019款 330TSI 两驱 尊贵型 国V
奇瑞汽车,瑞虎5x,2020-06-21,,奇瑞瑞虎5x车机系统反应慢断线希望厂家解决,486698,"H21,H155,",处理反馈,2019款 HERO 1.5T DCT 高能版
吉利汽车,星越,2020-06-21,,吉利星越车机系统死机系统与宣传不符,486696,"H155,M279,",处理反馈,2019款 300T 耀星者
吉利汽车,星越,2020-06-21,,吉利星越车机系统死机升级无人通知,486695,"H155,L314,",处理反馈,2019款 350T 耀星者
吉利汽车,远景X6,2020-06-21,,吉利远景X6发动机冷车启动困难转速低,486694,"A44,A35,",处理反馈,2016款 1.3T CVT 豪华型
一汽-大众奥迪,奥迪A4L,2020-06-21,,一汽大众奥迪A4L空调风口吹自然风有异味,486691,"H121,I295,J298,",信息审核,2019款 40 TFSI 时尚型 国VI
上汽大众,途观L,2020-06-21,,上汽大众途观L车辆无法启动要求厂家处理,486690,"B22,E74,E62,I295,",信息审核,2018款 330TSI 自动 两驱 舒适版
广汽本田,雅阁,2020-06-21,,广汽本田雅阁转向机异响厂家否认质量问题,486687,"D59,I292,",用户评分,2016款 2.0L CVT  舒适版
华晨中华,中华V3,2020-06-21,,中华V3电瓶无故没电存在漏电现象,486685,"H146,",信息审核,2019款 1.5L 自动 精英型
比亚迪,比亚迪e5,2020-06-21,,比亚迪e5动力电池故障4S店服务态度恶劣,486684,"H343,I295,I293,I282,I281,J298,J303,N318,",处理反馈,2018款 450 智联 畅享型
东风本田,杰德,2020-06-21,,东风本田杰德左前升降器故障4S店拒赔,486683,"H72,H67,I297,",处理反馈,2016款 1.8L 自动 舒适精英版 5座
东风乘用车,风神AX7,2020-06-21,,东风风神AX7车身生锈腐蚀希望厂家处理,486682,"H79,I297,",处理反馈,2016款 2.0L 自动 智悦型
吉利汽车,嘉际,2020-06-21,,吉利嘉际流光氛围灯虚假宣传与实车不符,486678,"M279,",处理反馈,2019款 1.5TD MHEV DCT 尊享型
东风本田,本田UR-V,2020-06-21,,东风本田UR-V后备箱严重漏水车胎偏磨,486677,"G245,",用户评分,2017款 240TURBO 两驱 经典版 国V
上汽大通,上汽MAXUS G10,2020-06-21,,上汽大通G10后备箱门把手断裂厂家拒赔,486675,"H233,I297,",处理反馈,2021款 2.0T 手动 精英版 柴油 7座
上汽大众,朗逸,2020-06-21,,上汽大众朗逸车内异响服务态度恶劣,486672,"H164,",信息审核,2017款 1.6L 手动 舒适版
众泰汽车,众泰T800,2020-06-21,,众泰T800中控台异响 变速箱故障灯亮,486668,"B96,B246,H93,",处理反馈,2018款 2.0T 尊贵智联型 7座
一汽大众,捷达VS5,2020-06-21,,一汽大众捷达VS5导水槽漏水导致涡轮生锈,486665,"H109,",处理反馈,2019款 280TSI 自动 悦享型
吉利新能源,星越新能源,2020-06-21,,吉利星越新能源车机死机要求更换硬件,486664,"H155,M279,",处理反馈,2019款 改款 400T 耀星者 纯电动续航56KM
吉利汽车,博越,2020-06-21,,吉利博越4S店发票价格与收款金额不符,486662,"K308,",用户评分,2020款 1.8TD 手动 两驱 智雅型
一汽大众,捷达VS5,2020-06-21,,一汽大众捷达VS5低速行驶中右前轮异响,486661,"G125,",处理反馈,2019款 280TSI 自动 悦享型
吉利汽车,星越,2020-06-21,,吉利星越车机系统出现死机现象希望尽快处理,486655,"H155,M279,",处理反馈,2019款 300T 耀星者
上汽通用五菱,五菱荣光V,2020-06-21,,上汽通用五菱荣光车身底盘生锈腐烂变速箱异响,486654,"B33,H79,",处理反馈,2015款 1.5L 基本型
东风风行,景逸X3,2020-06-21,,东风风行景逸X3行驶中右后下摆臂断裂,486653,"G210,H168,",处理反馈,2016款 1.5L 豪华型
吉利汽车,星越,2020-06-21,,吉利星越车机系统升级后卡顿未解决,486652,"O348,",处理反馈,2019款 改款 350T 耀星者
吉利汽车,星越,2020-06-21,,吉利星越车机系统黑屏版本与宣传不符,486650,"H155,M279,",处理反馈,2019款 350T 耀星者
吉利汽车,博越,2020-06-21,,吉利博越雾灯以及挡位灯与宣传不符,486648,"Q350,",用户评分,2020款 1.8TD DCT 智领PRO
吉利汽车,博越,2020-06-21,,吉利博越实车配置与宣传不符要求解决,486643,"M279,",处理反馈,2020款 1.8TD DCT 智领PRO
长城汽车,长城C30,2020-06-21,,长城C30变速箱挂挡异响车身生锈,486642,"A9,H79,",处理反馈,2016款 1.5L AMT 豪华型
北京现代,领动,2020-06-21,,北京现代领动发动机漏油变速箱起步顿挫,486641,"A12,A189,B33,B19,",处理反馈,2020款 1.4T 双离合 炫动・旗舰型
一汽-大众奥迪,奥迪A6L,2020-06-21,,一汽大众奥迪A6L天窗漏水4S店维修多次,486638,"H90,I295,J298,",信息审核,2018款 30 FSI CVT 风尚型
吉利汽车,星越,2020-06-21,,吉利星越车机与宣传不符 内饰异响,486637,"H93,",用户评分,2019款 350T AWD 驭星者
吉利汽车,远景X6,2020-06-21,,吉利远景X6安全气囊故障灯报警希望处理,486636,"H103,",用户评分,2016款 1.3T CVT 旗舰型
一汽丰田,卡罗拉,2020-06-21,,一汽丰田卡罗拉后挡风玻璃自动爆裂,486634,"H113,",信息审核,2018款 1.2T S-CVT GL智享版
东风日产,天籁,2020-06-21,,东风日产天籁仪表盘开裂 厂家不索赔,486632,"H168,I297,",用户评分,2016款 2.0L XL 舒适版 改款
一汽-大众,宝来,2020-06-21,,一汽大众宝来电池电量不足自动启停无法激活,486631,"H146,",用户评分,2019款 1.5L 自动 精英型
吉利汽车,博越,2020-06-21,,吉利博越实车变速箱没有挡位灯指示,486630,"M279,",用户评分,2020款 1.8TD DCT 智领PRO
吉利汽车,帝豪GS,2020-06-21,,吉利帝豪GS发动机异响车身生锈厂家不处理,486627,"A9,B33,H79,H101,H82,H157,I295,",处理反馈,2016款 1.3T 自动 领尚型 运动版
广汽丰田,凯美瑞,2020-06-21,,广汽丰田凯美瑞左前半轴油封漏油,486626,"G51,",处理反馈,2016款 2.0G 自动 十周年纪念领先版
长城汽车,哈弗H7,2020-06-21,,长城哈弗H7飞轮和离合器损坏4S店不保修,486625,"C65,C267,I297,N317,",用户评分,2017款 2.0T 尊贵型 蓝标 H7L
广汽本田,雅阁,2020-06-21,,广汽本田雅阁发动机渗油异响希望厂家处理,486624,"A9,A12,E196,",处理反馈,2018款 260TURBO 豪华版 国V
长安汽车,长安CS35,2020-06-21,,长安CS35行驶中方向盘跑偏无法解决,486623,"G117,",用户评分,2017款 1.6L 自动 豪华型
东风标致,标致408,2020-06-21,,东风标致408行驶中加速出现失速车辆抖动,486621,"A24,A160,B95,B334,I295,",处理反馈,2015款 1.2T 自动 豪华版
上汽大众,朗逸,2020-06-21,,上汽大众朗逸车内异味严重4S店不给解决,486619,"H185,",信息审核,2017款 1.6L 自动 舒适版
吉利汽车,星越,2020-06-21,,吉利星越车机系统升级后未能解决问题,486615,"O348,",处理反馈,2019款 350T 驭星者
吉利汽车,星越,2020-06-21,,吉利星越车机系统死机与官方宣传不一致,486613,"H155,M279,",处理反馈,2019款 改款 350T 耀星者
广汽丰田,凯美瑞,2020-06-21,,广汽丰田凯美瑞半轴防尘套漏油4S店不保修,486608,"G161,I297,Q322,Q290,",处理反馈,2016款 2.5G 自动 十周年纪念豪华导航版
上汽大众,Polo,2020-06-21,,上汽大众Polo轮胎偏磨4S店私自维修无单据,486597,"F10,I295,I293,J298,O305,O324,",信息审核,2016款 1.6L 自动 豪华型
吉利汽车,星越,2020-06-21,,吉利星越车机死机硬件与宣传不符要求更换,486592,"H155,M279,",处理反馈,2019款 350T 耀星者
上汽斯柯达,柯迪亚克,2020-06-21,,上汽斯柯达柯迪亚克发动机共振中控台异响,486588,"A24,H164,H93,I295,",信息审核,2018款 TSI330 两驱 舒适版 5座
长安马自达,马自达3 昂克赛拉,2020-06-21,,长安马自达昂克赛拉中控屏开裂4S店不保修,486587,"H168,I297,",处理反馈,2016款 1.5L 自动 豪华型 三厢
吉利汽车,远景,2020-06-21,,吉利远景变速箱出现故障 倒挡失灵,486586,"B115,",处理反馈,2016款 1.5L 自动 幸福版
东风雪铁龙,C4世嘉,2020-06-21,,雪铁龙C4世嘉方向管柱松动 ABS传感器故障,486585,"D265,E74,",处理反馈,2016款 1.2THP 自动 旗舰型
一汽-大众,探岳,2020-06-21,,一汽大众探岳大灯模糊 影响照明,486584,"H82,",处理反馈,2019款 330TSI 两驱 豪华型 国V
东风英菲尼迪,英菲尼迪Q50L,2020-06-21,,东风英菲尼迪Q50L开热风时车内存在汽油味,486577,"H101,",信息审核,2015款 2.0T 自动 舒适版
